galaxy,name,ra,dec,vmag,errvmag,bmag,errbmag,rmag,errrmag,imag,errimag,per_fo,per_fu,dominant_mode,ampv,err_ampv,ampb,err_ampb,ampr,err_ampr,ampi,err_ampi,ampv_sec,err_ampv_sec,ampb_sec,err_ampb_sec
F,A115625,39.564875,-34.840639,21.323,0.026,21.611,0.024,21.143,0.059,20.925,0.031,0.36726727,0.4502879,1,0.61,0.07,0.76,0.06,NaN,NaN,NaN,NaN,NaN,NaN,0.19,0.03
F,A117688,39.572042,-34.520583,21.408,0.028,21.646,0.025,21.089,0.048,NaN,NaN,0.379218,0.89228848,1,0.56,0.05,0.68,0.06,0.64,0.34,NaN,NaN,NaN,NaN,0.19,0.02
F,A119208,39.574,-34.829028,21.341,0.022,21.616,0.023,21.215,0.04,20.948,0.047,0.445591,0.61226688,1,0.38,0.04,0.45,0.04,NaN,NaN,NaN,NaN,0.2,0.04,0.21,0.03
F,A235107,39.768792,-34.116944,21.496,0.028,21.819,0.026,21.36,0.216,20.937,0.061,0.397034,0.38717016,1,0.32,0.04,0.38,0.04,NaN,NaN,NaN,NaN,NaN,NaN,NaN,NaN
F,A241835,39.777833,-34.138028,21.328,0.026,21.618,0.025,21.308,0.046,20.969,0.082,0.399472,0.53613751,1,0.5,0.06,0.68,0.06,NaN,NaN,NaN,NaN,0.3,0.05,0.42,0.04
F,A286691,39.83675,-34.072,21.376,0.033,21.689,0.024,21.244,0.147,20.934,0.081,0.413946,0.5557318,1,0.26,0.04,0.41,0.04,NaN,NaN,NaN,NaN,0.28,0.06,0.3,0.03
F,A311494,39.872208,-34.020083,21.353,0.028,21.627,0.026,21.163,0.086,20.901,0.066,0.373546,0.5104532,1,0.36,0.05,0.66,0.05,NaN,NaN,NaN,NaN,0.24,0.04,0.37,0.03
F,A322567,39.8875,-33.960306,21.389,0.027,21.754,0.024,NaN,NaN,21.003,0.07,0.353489,0.46174616,1,0.66,0.07,0.74,0.04,NaN,NaN,NaN,NaN,NaN,NaN,0.25,0.03
F,A331006,39.899333,-34.117556,21.442,0.029,21.743,0.026,21.29,0.041,21.099,0.103,0.36132912,0.47121154,1,0.39,0.05,0.56,0.05,NaN,NaN,NaN,NaN,0.48,NaN,NaN,NaN
F,A427173,40.018208,-34.888556,21.336,0.026,21.518,0.019,21.074,0.101,21.054,0.098,0.409556,0.547649,1,0.26,0.04,0.56,0.05,NaN,NaN,NaN,NaN,NaN,NaN,0.18,0.03
F,A501639,40.123792,-34.832667,21.346,0.024,21.631,0.021,21.071,0.145,20.825,0.049,0.39631588,0.53040093,1,0.38,0.04,0.43,0.03,NaN,NaN,NaN,NaN,0.2,0.04,0.16,0.03
F,A505291,40.129625,-34.825083,21.247,0.025,21.458,0.021,21.085,0.07,21.041,0.184,0.409456,0.54836918,1,0.55,0.06,0.72,0.07,NaN,NaN,NaN,NaN,0.18,0.03,0.36,0.04
F,A508574,40.135167,-34.860528,21.268,0.027,21.543,0.023,21.124,0.215,20.997,0.038,0.390693,0.92749814,1,0.46,0.04,0.36,0.03,NaN,NaN,NaN,NaN,NaN,NaN,NaN,NaN
F,A530228,40.173208,-34.819694,21.391,0.029,21.692,0.022,20.991,0.209,21.038,0.038,0.37556043,0.45487919,1,0.37,0.07,0.45,0.04,NaN,NaN,NaN,NaN,NaN,NaN,0.19,0.03
F,C101340,39.75375,-34.698611,21.35,0.055,21.691,0.029,21.216,0.024,20.911,0.187,0.390711,0.443853,1,0.3,0.07,0.51,0.04,0.52,0.06,NaN,NaN,NaN,NaN,0.36,0.03
F,C104934,39.761375,-34.376111,21.399,0.041,21.671,0.024,21.119,0.066,20.98,0.143,0.376265,0.504611,1,0.4,0.04,0.57,0.04,0.44,0.08,NaN,NaN,0.21,0.04,0.23,0.03
F,C105611,39.7615,-34.643611,21.273,0.038,21.568,0.026,21.117,0.037,20.693,0.073,0.402288,0.538795,1,0.36,0.04,0.6,0.04,0.37,0.03,NaN,NaN,0.26,0.04,0.22,0.03
F,C108531,39.767833,-34.398722,21.329,0.04,21.637,0.024,21.051,0.04,20.936,0.194,0.386945,0.518892,1,0.45,0.04,0.47,0.03,0.37,0.07,NaN,NaN,0.23,0.04,0.23,0.03
F,C108803,39.767458,-34.637389,21.266,0.045,21.59,0.034,21.029,0.043,20.776,0.085,0.414201,0.5791228,1,0.41,0.04,0.55,0.06,0.33,0.05,0.2,0.08,NaN,NaN,0.15,0.04
F,C109496,39.770042,-34.338111,21.337,0.046,21.678,0.026,21.068,0.054,20.894,0.099,0.37757,1.0322,1,0.58,0.05,0.52,0.04,0.44,0.07,0.41,0.12,NaN,NaN,0.24,0.03
F,C113572,39.7785,-34.36825,21.169,0.03,21.513,0.023,21.006,0.039,20.729,0.049,0.404526,0.542329,1,0.34,0.03,0.44,0.03,0.32,0.07,NaN,NaN,0.23,0.05,0.29,0.03
F,C114762,39.780208,-34.55925,21.451,0.047,21.73,0.027,21.28,0.203,21.075,0.094,0.368629,0.495334,1,0.49,0.07,0.47,0.04,NaN,NaN,0.41,0.11,0.39,0.05,0.29,0.03
F,C115223,39.781542,-34.450333,21.426,0.041,21.694,0.028,21.199,0.191,20.932,0.061,0.365162,0.489709,1,0.54,0.04,0.52,0.04,NaN,NaN,NaN,NaN,0.23,0.05,0.44,0.03
F,C116457,39.78325,-34.718944,20.932,0.037,21.326,0.019,20.643,0.034,20.28,0.026,0.414059,0.554887,1,0.32,0.05,0.38,0.03,0.23,0.05,NaN,NaN,0.17,0.04,0.19,0.02
F,C116743,39.78375,-34.755667,21.365,0.042,21.629,0.026,21.154,0.1,20.903,0.042,0.377539,0.51232538,1,0.33,0.03,0.51,0.04,NaN,NaN,NaN,NaN,NaN,NaN,0.22,0.03
F,C119086,39.790042,-34.411111,21.26,0.037,21.55,0.023,20.968,0.048,20.729,0.086,0.418381,0.559401,1,0.39,0.04,0.51,0.03,0.34,0.07,NaN,NaN,0.1,0.04,0.23,0.03
F,C122045,39.796292,-34.435444,21.395,0.041,21.651,0.023,21.16,0.056,20.961,0.086,0.385575,0.516595,1,0.41,0.05,0.55,0.03,0.33,0.06,0.23,0.11,0.18,0.06,0.16,0.02
F,C122689,39.797542,-34.461944,21.348,0.051,21.653,0.026,21.112,0.14,20.847,0.104,0.380843,0.52798839,1,0.38,0.04,0.39,0.04,NaN,NaN,0.35,0.08,NaN,NaN,0.31,0.03
F,C123300,39.798208,-34.6655,21.292,0.043,21.625,0.024,21.15,0.123,20.795,0.091,0.41171884,0.55471404,1,0.48,0.04,0.37,0.03,NaN,NaN,0.36,0.1,NaN,NaN,NaN,NaN
F,C126054,39.804333,-34.574944,21.267,0.036,21.591,0.026,21.023,0.05,20.796,0.105,0.41565,0.557393,1,0.47,0.04,0.56,0.04,0.33,0.06,0.36,0.15,0.24,0.04,0.26,0.03
F,C128152,39.809458,-34.380111,21.395,0.037,21.672,0.024,21.201,0.067,20.993,0.104,0.37742,0.506208,1,0.42,0.04,0.54,0.03,0.31,0.07,0.53,0.12,0.23,0.04,0.23,0.03
F,C131434,39.816292,-34.358806,21.411,0.064,21.651,0.042,21.15,0.042,20.841,0.094,0.377936,0.536982,1,0.43,0.09,0.55,0.06,0.42,0.07,0.36,0.11,0.31,0.07,0.28,0.04
F,C132502,39.818167,-34.462306,21.34,0.048,21.663,0.027,21.185,0.046,20.969,0.082,0.387234,0.51992528,1,0.49,0.06,0.63,0.04,0.33,0.07,NaN,NaN,NaN,NaN,0.3,0.03
F,C136012,39.82525,-34.461889,21.428,0.048,21.7,0.029,21.224,0.115,20.941,0.073,0.370152,0.497056,1,0.55,0.06,0.64,0.04,NaN,NaN,NaN,NaN,0.23,0.04,0.3,0.03
F,C138955,39.830917,-34.425444,21.298,0.037,21.622,0.026,21.106,0.063,20.825,0.053,0.38645599,0.51835669,1,0.43,0.04,0.4,0.03,0.34,0.08,NaN,NaN,0.24,0.04,0.31,0.03
F,C140899,39.833958,-34.689028,21.32,0.048,21.623,0.024,21.103,0.042,20.768,0.051,0.405049,0.54298409,1,0.33,0.05,0.49,0.04,0.32,0.06,NaN,NaN,0.16,0.05,0.23,0.03
F,C141468,39.836042,-34.363111,21.393,0.051,21.795,0.031,21.336,0.054,20.991,0.081,0.360673,0.48409,1,0.61,0.06,0.53,0.04,0.54,0.09,NaN,NaN,0.15,0.05,0.3,0.03
F,C145093,39.842375,-34.515361,21.36,0.047,21.65,0.026,21.132,0.045,20.835,0.101,0.379121,0.86865827,1,0.48,0.05,0.54,0.04,0.38,0.06,0.44,0.13,NaN,NaN,NaN,NaN
F,C145355,39.842917,-34.495944,21.354,0.053,21.652,0.025,21.103,0.158,20.925,0.08,0.372578,0.50179657,1,0.51,0.04,0.52,0.04,NaN,NaN,0.37,0.08,0.11,0.06,0.2,0.02
F,C146493,39.84475,-34.580028,21.386,0.05,21.664,0.028,21.201,0.062,20.945,0.193,0.394098,0.52895917,1,0.46,0.06,0.49,0.04,0.47,0.08,NaN,NaN,0.23,0.04,0.36,0.03
F,C148892,39.848792,-34.678833,21.251,0.047,21.552,0.024,21.059,0.046,20.856,0.114,0.382269,0.36469755,1,0.48,0.06,0.52,0.04,0.32,0.06,NaN,NaN,NaN,NaN,0.18,0.02
F,C153317,39.857333,-34.555611,21.355,0.05,21.592,0.028,21.078,0.051,20.912,0.135,0.390365,0.52352,1,0.48,0.05,0.63,0.05,0.39,0.07,NaN,NaN,0.3,0.04,0.27,0.03
F,C154683,39.859625,-34.651861,21.236,0.042,21.596,0.025,21.053,0.056,20.764,0.097,0.381021,0.511808,1,0.34,0.05,0.42,0.03,0.33,0.07,0.43,0.11,0.13,0.04,0.26,0.03
F,C154687,39.860208,-34.427417,21.329,0.039,21.654,0.023,21.14,0.181,20.868,0.154,0.402161,0.5391,1,0.38,0.04,0.47,0.03,NaN,NaN,NaN,NaN,0.24,0.05,0.31,0.03
F,C155826,39.861917,-34.565222,21.28,0.041,21.588,0.024,21.071,0.139,20.819,0.087,0.409301,0.548331,1,0.34,0.05,0.45,0.04,NaN,NaN,NaN,NaN,0.16,0.06,0.25,0.03
F,C168768,39.885125,-34.560667,21.315,0.046,21.62,0.027,21.135,0.064,20.861,0.074,0.389267,0.521803,1,0.41,0.04,0.51,0.04,0.4,0.13,0.43,0.12,0.26,0.04,0.28,0.03
F,C169929,39.887125,-34.611778,21.328,0.047,21.64,0.026,21.163,0.047,20.836,0.051,0.409201,0.56080448,1,0.39,0.04,0.57,0.04,0.26,0.06,NaN,NaN,NaN,NaN,NaN,NaN
F,C169938,39.887958,-34.272722,21.336,0.048,21.693,0.025,21.105,0.041,20.838,0.083,0.389392,0.520874,1,0.45,0.06,0.43,0.03,0.29,0.06,0.23,0.1,0.13,0.04,0.22,0.03
F,C170196,39.888042,-34.427444,21.215,0.037,21.565,0.022,21.03,0.095,20.767,0.099,0.418408,0.560812,1,0.36,0.04,0.42,0.03,0.41,0.07,0.28,0.16,0.14,0.03,0.21,0.02
F,C170427,39.888042,-34.589278,21.254,0.043,21.532,0.025,21.012,0.053,20.664,0.107,0.383961,0.51460542,1,0.47,0.06,0.56,0.04,0.29,0.06,0.35,0.1,0.18,0.04,0.2,0.03
F,C173361,39.89375,-34.38175,21.267,0.049,21.622,0.024,21.105,0.079,20.832,0.103,0.399223,0.534993,1,0.4,0.06,0.45,0.03,0.34,0.17,0.42,0.12,0.16,0.04,0.22,0.03
F,C173847,39.894625,-34.38225,21.301,0.046,21.641,0.026,21.119,0.234,20.811,0.083,0.405591,0.55631066,1,0.38,0.07,0.53,0.04,NaN,NaN,0.34,0.13,0.17,0.04,0.31,0.03
F,C174865,39.896792,-34.251917,21.276,0.043,21.625,0.024,21.072,0.074,20.743,0.101,0.392755,0.5262395,1,0.41,0.04,0.39,0.03,0.31,0.06,0.42,0.1,0.17,0.05,0.18,0.03
F,C175854,39.897875,-34.555361,21.415,0.059,21.726,0.041,21.198,0.123,20.99,0.109,0.27097496,0.4990414,1,0.46,0.07,0.58,0.05,NaN,NaN,NaN,NaN,NaN,NaN,NaN,NaN
F,C176247,39.89925,-34.267778,21.447,0.058,21.755,0.028,21.132,0.084,20.96,0.088,0.35679363,0.496261,1,0.53,0.07,0.51,0.04,0.36,0.13,0.39,0.12,NaN,NaN,0.34,0.03
F,C179416,39.904583,-34.37375,21.337,0.043,21.661,0.024,21.177,0.042,20.843,0.084,0.382051,0.51474501,1,0.46,0.04,0.48,0.03,0.32,0.05,0.28,0.08,0.18,0.05,0.31,0.03
F,C179886,39.905292,-34.40175,21.315,0.041,21.589,0.022,21.003,0.138,20.737,0.093,0.405672,0.54366477,1,0.36,0.03,0.57,0.03,NaN,NaN,0.41,0.12,0.22,0.04,0.3,0.03
F,C182487,39.910125,-34.219083,21.336,0.05,21.646,0.03,21.149,0.192,20.953,0.097,0.366929,0.49183496,1,0.55,0.05,0.53,0.05,NaN,NaN,NaN,NaN,0.2,0.05,0.36,0.04
F,C182509,39.909167,-34.674583,21.272,0.048,21.552,0.024,21.057,0.043,20.861,0.099,0.392051,0.525143,1,0.43,0.05,0.53,0.04,0.32,0.06,0.26,0.1,0.13,0.06,0.16,0.03
F,C182965,39.910042,-34.631472,21.343,0.05,21.632,0.028,21.045,0.218,20.602,0.195,0.390472,0.523204,1,0.4,0.07,0.53,0.04,NaN,NaN,NaN,NaN,0.14,0.04,0.31,0.03
F,C185001,39.914,-34.403667,21.321,0.061,21.663,0.027,21.175,0.215,20.792,0.136,0.385027,0.516434,1,0.38,0.06,0.44,0.03,NaN,NaN,NaN,NaN,0.2,0.06,0.28,0.03
F,C187766,39.918167,-34.72475,21.386,0.05,21.646,0.028,21.186,0.131,20.881,0.1,0.362703,0.486956,1,0.42,0.05,0.5,0.04,NaN,NaN,NaN,NaN,0.23,0.05,0.39,0.04
F,C188190,39.91925,-34.591694,21.414,0.068,21.688,0.039,21.215,0.153,20.931,0.145,0.363032,0.32775335,1,0.54,0.07,0.68,0.05,NaN,NaN,NaN,NaN,0.2,0.07,0.34,0.03
F,C188418,39.9195,-34.652667,21.373,0.052,21.627,0.025,21.148,0.057,20.849,0.102,0.415004,0.55992034,1,0.49,0.06,0.55,0.04,0.51,0.09,NaN,NaN,0.14,0.05,0.38,0.04
F,C190157,39.922417,-34.685972,21.38,0.047,21.61,0.026,21.085,0.056,20.899,0.087,0.388468,0.52149973,1,0.35,0.06,0.49,0.04,0.34,0.08,NaN,NaN,0.34,0.07,0.42,0.03
F,C190280,39.922708,-34.639194,21.351,0.044,21.696,0.028,21.065,0.045,20.954,0.093,0.363601,0.49298381,1,0.48,0.05,0.53,0.04,0.35,0.06,0.23,0.11,0.13,0.06,0.22,0.03
F,C192662,39.927083,-34.520806,21.256,0.059,21.558,0.034,21.11,0.067,20.761,0.114,0.41223988,0.53607576,1,0.48,0.07,0.61,0.04,0.43,0.08,NaN,NaN,NaN,NaN,NaN,NaN
F,C200464,39.940542,-34.343194,21.379,0.061,21.801,0.038,21.334,0.06,21.032,0.094,0.360766,0.4811755,1,0.51,0.06,0.5,0.04,NaN,NaN,NaN,NaN,0.21,0.06,0.35,0.05
F,C202348,39.9435,-34.379778,21.299,0.061,21.565,0.029,21.074,0.053,20.819,0.102,0.3853,0.516916,1,0.37,0.06,0.5,0.03,0.32,0.06,0.4,0.14,0.31,0.06,0.33,0.03
F,C204204,39.946667,-34.3345,21.436,0.072,21.735,0.041,21.206,0.044,20.951,0.101,0.367036,0.495857,1,0.36,0.07,0.52,0.05,0.37,0.05,0.27,0.1,0.27,0.07,0.33,0.04
F,C207413,39.952583,-34.026806,21.5,0.074,21.766,0.04,21.475,0.039,NaN,NaN,0.354431,0.472949,1,0.33,0.07,0.56,0.04,NaN,NaN,NaN,NaN,0.26,0.08,0.31,0.04
F,C208036,39.953208,-34.243833,21.328,0.065,21.664,0.039,21.207,0.164,20.759,0.092,0.39021,0.523369,1,0.4,0.07,0.43,0.04,NaN,NaN,NaN,NaN,0.19,0.06,0.33,0.03
F,C208276,39.953542,-34.246278,21.257,0.064,21.614,0.036,21.106,0.06,20.812,0.082,0.414907,0.556038,1,0.51,0.07,0.54,0.04,0.45,0.07,NaN,NaN,0.3,0.06,0.32,0.03
F,C208956,39.954083,-34.521472,21.215,0.06,21.466,0.035,21.018,0.091,20.537,0.09,0.365262,0.490534,1,0.26,0.06,0.31,0.04,NaN,NaN,0.42,0.1,0.35,0.07,0.36,0.04
F,C209253,39.954958,-34.246722,21.325,0.064,21.636,0.039,21.081,0.157,20.77,0.062,0.419208,0.562084,1,0.4,0.06,0.47,0.04,NaN,NaN,NaN,NaN,0.32,0.06,0.3,0.03
F,C209478,39.955583,-34.075972,21.348,0.069,21.632,0.032,21.042,0.166,20.837,0.132,0.42259045,0.58747907,1,0.28,0.07,0.54,0.05,NaN,NaN,NaN,NaN,NaN,NaN,0.32,0.04
F,C211050,39.957375,-34.467583,21.314,0.067,21.593,0.047,21.127,0.177,20.898,0.202,0.379732,0.50978231,1,0.53,0.07,0.53,0.06,NaN,NaN,NaN,NaN,NaN,NaN,0.34,0.05
F,C211132,39.95725,-34.621111,21.294,0.046,21.573,0.023,21.063,0.049,20.796,0.127,0.4095689,0.54861092,1,0.44,0.07,0.49,0.03,0.41,0.07,NaN,NaN,0.16,0.04,0.24,0.02
F,C214485,39.962625,-34.250333,21.206,0.057,21.544,0.032,21.084,0.198,20.743,0.13,0.433745,0.586737,1,0.47,0.06,0.58,0.04,NaN,NaN,NaN,NaN,0.15,0.05,0.21,0.03
F,C217106,39.966,-34.450111,21.416,0.046,21.714,0.028,21.221,0.157,21.003,0.273,0.378564,0.506598,1,0.52,0.05,0.63,0.05,NaN,NaN,NaN,NaN,0.33,0.05,0.35,0.03
F,C220248,39.97075,-34.259194,21.262,0.061,21.604,0.038,21.098,0.146,20.78,0.17,0.417345,0.56043447,1,0.46,0.06,0.62,0.05,NaN,NaN,NaN,NaN,0.26,0.05,0.23,0.04
F,C228809,39.982375,-34.690972,21.434,0.053,21.619,0.026,21.266,0.045,20.977,0.104,0.365586,0.491133,1,0.51,0.06,0.73,0.04,0.36,0.07,NaN,NaN,0.36,0.04,0.35,0.03
F,C232518,39.987958,-34.520194,21.182,0.059,21.465,0.037,20.949,0.071,20.63,0.145,0.380829,1.0436019,1,0.35,0.06,0.5,0.04,0.31,0.09,NaN,NaN,NaN,NaN,NaN,NaN
F,C232551,39.987792,-34.693361,21.196,0.038,21.458,0.021,20.996,0.042,20.684,0.135,0.379269,0.50909624,1,0.4,0.05,0.57,0.04,0.37,0.06,NaN,NaN,0.15,0.05,0.24,0.03
F,C233396,39.989375,-34.408667,21.286,0.063,21.536,0.037,20.955,0.22,20.868,0.09,0.371388,0.497816,1,0.49,0.07,0.57,0.04,NaN,NaN,NaN,NaN,0.29,0.06,0.38,0.03
F,C235929,39.992792,-34.724139,21.249,0.043,21.522,0.022,21.026,0.04,20.782,0.079,0.423139,0.56419862,1,0.5,0.05,0.59,0.04,0.33,0.06,0.34,0.08,0.12,0.04,0.26,0.02
F,C242312,40.0025,-34.503861,21.431,0.067,21.715,0.038,21.211,0.063,20.978,0.098,0.366304,0.492815,1,0.56,0.07,0.65,0.06,0.34,0.08,0.53,0.14,0.2,0.06,0.35,0.04
F,C242313,40.002417,-34.584167,21.402,0.066,21.674,0.035,21.14,0.137,20.991,0.095,0.37291456,0.50018458,1,0.34,0.06,0.53,0.04,NaN,NaN,NaN,NaN,0.22,0.06,0.25,0.03
F,C243517,40.004167,-34.594889,21.025,0.048,21.349,0.028,20.794,0.032,20.534,0.088,0.409411,0.548969,1,0.38,0.05,0.44,0.04,0.15,0.03,NaN,NaN,0.18,0.05,0.3,0.03
F,C243773,40.004792,-34.313889,21.355,0.068,21.713,0.045,20.988,0.204,20.735,0.259,0.603671,0.39583538,0,0.51,0.07,0.55,0.05,NaN,NaN,NaN,NaN,NaN,NaN,NaN,NaN
F,C244112,40.005292,-34.282083,21.388,0.07,21.677,0.038,21.207,0.116,20.866,0.155,0.37714,0.505807,1,0.5,0.07,0.57,0.04,0.3,0.15,NaN,NaN,0.23,0.07,0.24,0.04
F,C245965,40.007917,-34.362556,21.25,0.064,21.539,0.039,21.026,0.106,20.83,0.095,0.381297,0.511654,1,0.52,0.07,0.57,0.05,0.31,0.06,NaN,NaN,0.25,0.06,0.31,0.04
F,C255338,40.021417,-34.638306,21.424,0.055,21.679,0.028,21.193,0.161,20.969,0.098,0.378871,0.50821,1,0.36,0.05,0.63,0.05,NaN,NaN,0.32,0.14,0.23,0.04,0.27,0.03
F,C260502,40.029167,-34.151056,21.36,0.069,21.681,0.041,21.261,0.281,21.014,0.044,0.393924,0.528758,1,0.3,0.07,0.46,0.07,NaN,NaN,NaN,NaN,0.18,0.07,0.36,0.04
F,C272990,40.047125,-34.399139,21.325,0.06,21.616,0.027,21.182,0.13,20.905,0.103,0.3871086,0.51908735,1,0.54,0.07,0.61,0.04,0.4,0.13,0.4,0.1,0.22,0.06,0.26,0.03
F,C280859,40.058708,-34.738361,21.315,0.046,21.564,0.023,21.114,0.047,20.877,0.096,0.40148788,0.53810698,1,0.61,0.06,0.57,0.04,0.39,0.09,NaN,NaN,0.21,0.04,0.37,0.04
F,C286799,40.068125,-34.097667,21.31,0.066,21.606,0.039,21.132,0.14,20.834,0.061,0.410209,0.36683687,1,0.46,0.07,0.61,0.04,NaN,NaN,NaN,NaN,0.14,0.07,0.24,0.04
F,C290149,40.074292,-34.21675,21.431,0.068,21.714,0.042,21.225,0.065,21.161,0.172,0.376014,0.504399,1,0.44,0.07,0.49,0.05,0.45,0.09,NaN,NaN,0.2,0.07,0.22,0.03
F,C295008,40.082917,-34.355389,21.387,0.073,21.73,0.039,21.159,0.147,21.001,0.14,0.376716,0.51787,1,0.52,0.08,0.59,0.05,NaN,NaN,NaN,NaN,NaN,NaN,0.27,0.05
F,C301251,40.093458,-34.650611,21.357,0.05,21.721,0.026,21.11,0.042,20.883,0.094,0.404928,0.490365,1,0.4,0.05,0.44,0.03,0.38,0.04,0.33,0.09,NaN,NaN,0.2,0.03
F,C301327,40.093542,-34.484,21.405,0.07,21.667,0.04,21.244,0.186,21.022,0.112,0.37179283,0.33265636,1,0.45,0.08,0.48,0.04,NaN,NaN,NaN,NaN,NaN,NaN,NaN,NaN
F,C302156,40.094917,-34.468583,21.254,0.062,21.523,0.038,21.006,0.108,20.656,0.133,0.376267,0.504707,1,0.3,0.07,0.43,0.04,NaN,NaN,NaN,NaN,0.21,0.06,0.27,0.05
F,C302739,40.095917,-34.295,21.376,0.066,21.724,0.029,21.13,0.049,20.854,0.089,0.383653,0.514632,1,0.45,0.06,0.44,0.03,0.39,0.09,0.24,0.1,0.17,0.05,0.24,0.03
F,C302858,40.096167,-34.167139,21.31,0.063,21.633,0.044,21.055,0.056,20.892,0.126,0.395397,0.529809,1,0.43,0.07,0.54,0.05,0.33,0.06,NaN,NaN,0.19,0.07,0.23,0.05
F,C303557,40.097417,-34.250444,21.334,0.065,21.66,0.041,21.073,0.106,20.807,0.095,0.401533,0.538134,1,0.46,0.07,0.54,0.05,0.52,0.11,NaN,NaN,0.3,0.06,0.36,0.03
F,C303786,40.09775,-34.301444,21.287,0.063,21.643,0.037,21.04,0.124,20.756,0.103,0.407232,0.545653,1,0.41,0.07,0.48,0.04,0.26,0.14,NaN,NaN,0.17,0.07,0.22,0.04
F,C304510,40.099,-34.505972,21.326,0.065,21.598,0.035,21.05,0.064,20.826,0.131,0.400268,0.53634153,1,0.45,0.06,0.42,0.04,0.39,0.07,NaN,NaN,0.29,0.07,0.24,0.03
F,C315628,40.118333,-34.410611,21.269,0.06,21.557,0.027,21.092,0.141,20.807,0.1,0.371119,0.498289,1,0.43,0.07,0.41,0.03,NaN,NaN,0.47,0.11,0.18,0.06,0.37,0.03
F,C322442,40.1305,-34.164861,21.338,0.068,21.661,0.041,21.304,0.171,20.806,0.128,0.40805539,0.54690098,1,0.36,0.07,0.5,0.05,NaN,NaN,NaN,NaN,0.24,0.07,0.32,0.06
F,C323636,40.132792,-34.155222,21.393,0.067,21.642,0.039,21.247,0.168,20.861,0.067,0.378855,0.512545,1,0.46,0.07,0.58,0.04,NaN,NaN,0.21,0.04,0.2,0.06,0.29,0.03
F,C323664,40.133083,-34.598694,21.307,0.062,21.62,0.035,21.077,0.058,20.814,0.092,0.4112957,0.55081094,1,0.41,0.06,0.51,0.04,0.27,0.06,0.44,0.08,0.15,0.06,0.17,0.04
F,C324546,40.134792,-34.542333,21.389,0.071,21.665,0.037,21.185,0.05,20.965,0.057,0.385046,0.51783,1,0.57,0.07,0.75,0.06,0.39,0.07,0.29,0.09,0.25,0.07,0.32,0.04
F,C327034,40.139583,-34.312333,21.357,0.067,21.668,0.037,21.119,0.152,20.965,0.093,0.376352,0.50524,1,0.4,0.07,0.53,0.04,0.31,0.18,0.27,0.1,0.13,0.06,0.24,0.03
F,C327084,40.13975,-34.429444,20.964,0.052,21.323,0.034,20.587,0.051,20.352,0.167,0.396635,0.53177272,1,0.28,0.06,0.38,0.04,0.32,0.07,NaN,NaN,0.18,0.05,0.28,0.04
F,C327811,40.141125,-34.309417,21.3,0.065,21.607,0.034,21.019,0.159,20.718,0.081,0.412614,0.571787,1,0.37,0.07,0.42,0.04,0.31,0.15,0.34,0.07,0.2,0.06,0.3,0.03
F,C329654,40.144833,-34.646611,21.341,0.047,21.653,0.025,21.161,0.027,20.875,0.084,0.364967,0.489524,1,0.52,0.05,0.56,0.04,0.49,0.09,0.34,0.08,0.15,0.04,0.21,0.02
F,C330841,40.146792,-34.267194,21.273,0.065,21.545,0.037,21.06,0.092,20.843,0.083,0.359952,0.48444958,1,0.36,0.07,0.51,0.04,NaN,NaN,0.22,0.1,0.18,0.07,0.25,0.04
F,C335915,40.156833,-34.468639,21.403,0.071,21.664,0.035,21.237,0.059,21.043,0.112,0.37972562,0.51002974,1,0.55,0.07,0.61,0.05,0.4,0.08,NaN,NaN,0.22,0.07,0.2,0.03
F,C338350,40.162167,-34.523583,21.296,0.061,21.589,0.034,21.102,0.054,20.859,0.081,0.36864,0.49455411,1,0.45,0.06,0.54,0.04,0.3,0.07,0.53,0.08,0.16,0.05,0.25,0.03
F,C343604,40.173,-34.624639,21.395,0.053,21.73,0.026,21.149,0.026,20.91,0.096,0.388316,0.521983,1,0.48,0.06,0.59,0.04,0.43,0.04,0.32,0.14,0.16,0.06,0.38,0.03
F,C343862,40.173458,-34.581222,21.481,0.077,21.737,0.037,21.236,0.047,20.921,0.065,0.392743,0.52670853,1,0.41,0.08,0.55,0.05,0.48,0.08,NaN,NaN,0.28,0.08,0.34,0.03
F,C352407,40.191083,-34.602139,21.32,0.066,21.67,0.033,21.057,0.053,20.815,0.111,0.412474,0.553059,1,0.48,0.08,0.57,0.05,0.4,0.06,0.56,0.16,0.28,0.06,0.39,0.04
F,C355188,40.196458,-34.223583,21.357,0.072,21.61,0.036,21.054,0.125,20.811,0.046,0.414848,0.555996,1,0.27,0.07,0.44,0.04,0.46,0.16,NaN,NaN,0.13,0.07,0.25,0.03
F,C357527,40.20225,-34.494389,21.264,0.059,21.554,0.031,21.063,0.059,20.836,0.08,0.404115,0.54165,1,0.43,0.07,0.48,0.03,0.28,0.07,0.32,0.08,0.21,0.06,0.29,0.03
F,C363431,40.216458,-34.533667,21.41,0.066,21.72,0.033,21.151,0.064,20.972,0.063,0.370932,0.498119,1,0.5,0.06,0.56,0.05,0.37,0.06,0.38,0.08,0.27,0.07,0.36,0.04
F,C364314,40.217958,-34.139806,21.363,0.071,21.666,0.042,21.162,0.111,20.772,0.078,0.412955,0.54971323,1,0.27,0.07,0.49,0.06,NaN,NaN,0.31,0.25,NaN,NaN,NaN,NaN
F,C366792,40.224083,-34.311167,21.37,0.07,21.652,0.035,21.221,0.063,20.916,0.079,0.362768,0.487233,1,0.45,0.07,0.58,0.05,0.3,0.14,NaN,NaN,0.37,0.06,0.46,0.04
F,C368810,40.228708,-33.999028,21.284,0.07,21.589,0.033,NaN,NaN,20.922,0.023,0.408014,0.5617074,1,0.55,0.08,0.6,0.06,NaN,NaN,NaN,NaN,NaN,NaN,NaN,NaN
F,C369012,40.229083,-33.96375,21.339,0.061,21.637,0.024,NaN,NaN,20.898,0.055,0.383964,0.53191,1,0.39,0.08,0.53,0.04,NaN,NaN,NaN,NaN,0.21,0.04,0.28,0.03
F,C371412,40.235458,-34.140611,21.42,0.074,21.734,0.047,21.395,0.121,20.979,0.077,0.36752424,0.49306662,1,0.58,0.08,0.66,0.07,NaN,NaN,NaN,NaN,0.34,0.07,0.44,0.06
F,C374133,40.242583,-34.269306,21.297,0.067,21.597,0.033,21.086,0.144,20.84,0.079,0.390698,0.523418,1,0.42,0.07,0.57,0.05,0.35,0.12,0.29,0.09,0.18,0.07,0.22,0.03
F,C375566,40.245792,-33.960639,21.337,0.059,21.643,0.023,NaN,NaN,20.942,0.052,0.402273,0.540367,1,0.35,0.04,0.49,0.04,NaN,NaN,NaN,NaN,NaN,NaN,0.25,0.03
F,C375874,40.24725,-34.311194,21.473,0.075,21.831,0.04,21.145,0.176,20.95,0.095,0.376046,0.5049,1,0.37,0.08,0.41,0.04,NaN,NaN,0.36,0.08,0.24,0.07,0.53,0.04
F,C382020,40.263333,-34.11525,21.424,0.069,21.773,0.031,21.117,0.189,20.922,0.059,0.396154,0.54737635,1,0.36,0.07,0.41,0.04,NaN,NaN,0.25,0.11,0.27,0.07,0.43,0.03
F,C383498,40.267583,-34.220917,21.331,0.069,21.632,0.037,21.014,0.194,20.827,0.134,0.411924,0.551835,1,0.41,0.07,0.49,0.04,NaN,NaN,NaN,NaN,0.29,0.07,0.28,0.03
F,C384829,40.271417,-34.32525,21.255,0.062,21.599,0.034,20.959,0.178,20.744,0.126,0.40852607,0.54750661,1,0.38,0.06,0.47,0.04,NaN,NaN,NaN,NaN,0.23,0.06,0.19,0.03
F,C387732,40.279375,-34.199583,21.376,0.062,21.666,0.026,21.12,0.08,20.782,0.069,0.381963,0.50599117,1,0.43,0.07,0.48,0.04,NaN,NaN,NaN,NaN,NaN,NaN,0.21,0.02
F,C387833,40.279917,-34.343778,21.519,0.072,21.753,0.028,21.347,0.215,21.113,0.111,0.364928,0.489733,1,0.51,0.07,0.58,0.04,NaN,NaN,0.38,0.14,0.15,0.06,0.25,0.02
F,C390207,40.286667,-34.130889,21.434,0.071,21.675,0.038,21.162,0.136,21.159,0.058,0.375159,0.512813,1,0.42,0.07,0.58,0.06,NaN,NaN,NaN,NaN,NaN,NaN,0.37,0.05
F,C390625,40.2885,-34.306667,21.358,0.07,21.632,0.036,21.163,0.23,20.944,0.148,0.36918643,0.495735,1,0.45,0.07,0.49,0.04,NaN,NaN,NaN,NaN,0.26,0.07,0.33,0.04
F,C392661,40.295333,-34.320194,21.387,0.071,21.691,0.038,21.134,0.05,20.953,0.139,0.36504705,0.48870072,1,0.4,0.07,0.46,0.05,0.54,0.15,NaN,NaN,NaN,NaN,0.28,0.03
F,C398383,40.315708,-34.113111,21.272,0.062,21.619,0.035,21.225,0.045,21.009,0.049,0.408479,0.532656,1,0.41,0.06,0.51,0.04,NaN,NaN,NaN,NaN,0.19,0.06,0.26,0.03
F,C400044,40.322208,-34.040861,21.303,0.061,21.627,0.035,21.331,0.029,21.011,0.094,0.39456124,0.54860859,1,0.5,0.06,0.61,0.05,NaN,NaN,NaN,NaN,NaN,NaN,NaN,NaN
F,C407531,40.381167,-34.518889,21.473,0.073,21.724,0.065,21.19,0.139,21.094,0.025,0.364732,0.498909,1,0.56,0.07,0.71,0.08,NaN,NaN,NaN,NaN,0.37,0.06,0.44,0.05
F,C407532,40.381375,-34.575,21.311,0.067,21.592,0.058,21.196,0.099,20.96,0.033,0.421108,0.56570305,1,0.55,0.07,0.58,0.08,NaN,NaN,NaN,NaN,NaN,NaN,0.41,0.04
F,C56395,39.6665,-34.369444,21.371,0.025,21.668,0.025,21.166,0.046,20.981,0.063,0.39112,0.525393,1,0.45,0.04,0.52,0.04,0.34,0.06,NaN,NaN,0.19,0.03,0.28,0.03
F,C65202,39.68525,-34.411083,21.369,0.024,21.693,0.023,21.128,0.039,20.869,0.114,0.404844,0.542012,1,0.25,0.03,0.35,0.03,0.23,0.05,NaN,NaN,0.16,0.02,0.23,0.02
F,C68258,39.691458,-34.447444,21.408,0.029,21.698,0.025,21.142,0.045,20.969,0.086,0.399086,0.535505,1,0.52,0.05,0.59,0.04,0.31,0.06,NaN,NaN,0.29,0.03,0.39,0.03
F,C78242,39.712083,-34.363028,21.399,0.037,21.708,0.025,21.179,0.045,20.996,0.085,0.413713,0.55496,1,0.37,0.04,0.44,0.03,0.24,0.05,NaN,NaN,0.28,0.04,0.33,0.03
F,C79784,39.714042,-34.580944,21.453,0.041,21.693,0.024,21.172,0.045,20.978,0.065,0.386494,0.518103,1,0.39,0.05,0.57,0.04,0.34,0.06,NaN,NaN,0.31,0.05,0.3,0.03
F,C80558,39.715083,-34.699333,21.382,0.046,21.739,0.03,21.29,0.017,21.005,0.089,0.360833,0.484608,1,0.54,0.05,0.57,0.04,0.41,0.05,NaN,NaN,0.28,0.05,0.37,0.03
F,C83921,39.722375,-34.571778,21.341,0.045,21.705,0.036,21.117,0.144,20.845,0.092,0.38912207,0.52188577,1,0.35,0.04,0.55,0.05,NaN,NaN,NaN,NaN,0.27,0.03,0.28,0.04
F,C84353,39.723708,-34.448583,21.38,0.049,21.738,0.029,21.088,0.039,20.806,0.106,0.406546,0.54496,1,0.42,0.06,0.46,0.04,0.4,0.07,NaN,NaN,0.25,0.05,0.24,0.03
F,C88688,39.732875,-34.246667,21.382,0.048,21.759,0.028,21.313,0.049,21.047,0.122,0.370655,0.497269,1,0.52,0.04,0.4,0.03,0.25,0.08,NaN,NaN,0.35,0.06,0.46,0.04
F,C90261,39.734375,-34.584806,21.289,0.037,21.562,0.024,21.064,0.043,20.804,0.04,0.405972,0.54408131,1,0.46,0.04,0.63,0.04,0.4,0.07,NaN,NaN,0.18,0.04,0.28,0.03
F,C95844,39.745792,-34.257528,21.366,0.042,21.646,0.024,21.14,0.15,20.964,0.098,0.391799,0.526023,1,0.38,0.04,0.49,0.03,NaN,NaN,NaN,NaN,0.18,0.04,0.29,0.03
F,D115113,39.56475,-34.656333,21.31,0.021,21.575,0.026,20.992,0.037,NaN,NaN,0.406301,0.540951,1,0.32,0.03,0.5,0.04,NaN,NaN,NaN,NaN,NaN,NaN,0.3,0.03
F,D119931,39.576542,-34.71125,21.342,0.021,21.637,0.023,21.045,0.006,21.036,0.229,0.361362,0.41139512,1,0.62,0.06,0.72,0.05,NaN,NaN,NaN,NaN,NaN,NaN,0.22,0.03
F,D119949,39.577917,-34.492528,21.34,0.02,21.643,0.023,21.074,0.064,NaN,NaN,0.39806617,0.62511173,1,0.33,0.04,0.57,0.04,NaN,NaN,NaN,NaN,NaN,NaN,NaN,NaN
F,D120293,39.5785,-34.536556,21.229,0.024,21.611,0.025,20.889,0.111,NaN,NaN,0.411623,NaN,1,0.5,0.05,0.53,0.04,NaN,NaN,NaN,NaN,NaN,NaN,NaN,NaN
F,D121074,39.578917,-34.774389,21.392,0.02,21.691,0.025,20.907,0.02,20.828,0.09,0.383798,0.46901725,1,0.6,0.05,0.69,0.06,NaN,NaN,NaN,NaN,NaN,NaN,NaN,NaN
F,D130027,39.601208,-34.607833,21.352,0.019,21.657,0.025,21.106,0.03,20.837,0.017,0.401489,0.54014434,1,0.49,0.04,0.54,0.03,NaN,NaN,NaN,NaN,NaN,NaN,0.26,0.03
F,D130196,39.601292,-34.661417,21.375,0.019,21.73,0.022,21.162,0.013,20.887,0.027,0.415165,0.54169399,1,0.46,0.04,0.56,0.05,NaN,NaN,NaN,NaN,NaN,NaN,NaN,NaN
F,D131259,39.603333,-34.717028,21.322,0.025,21.595,0.025,21.122,0.244,20.998,0.041,0.349204,NaN,1,0.44,0.04,0.56,0.05,NaN,NaN,NaN,NaN,NaN,NaN,NaN,NaN
F,D133715,39.608458,-34.777306,21.406,0.02,21.684,0.024,21.314,0.15,20.859,0.055,0.39359786,0.48139164,1,0.5,0.04,0.75,0.06,NaN,NaN,NaN,NaN,0.14,0.02,0.22,0.03
F,D135808,39.614667,-34.489222,21.38,0.023,21.573,0.022,21.138,0.04,20.824,0.091,0.375746,1.04990253,1,0.41,0.03,0.61,0.04,0.39,0.07,NaN,NaN,NaN,NaN,NaN,NaN
F,D140995,39.623167,-34.901944,21.392,0.026,21.638,0.027,21.059,0.022,20.711,0.045,0.43230322,NaN,1,0.37,0.04,0.46,0.04,NaN,NaN,NaN,NaN,NaN,NaN,NaN,NaN
F,D144316,39.631,-34.683167,21.338,0.028,21.638,0.029,21.295,0.046,20.979,0.051,0.393839,NaN,1,0.46,0.05,0.55,0.05,NaN,NaN,NaN,NaN,NaN,NaN,NaN,NaN
F,D152847,39.647458,-34.598389,21.429,0.027,21.715,0.022,21.195,0.047,21.095,0.093,0.37323,0.50276095,1,0.48,0.04,0.48,0.03,0.4,0.08,NaN,NaN,0.11,0.03,0.17,0.02
F,D165636,39.668958,-34.51475,21.291,0.028,21.55,0.023,21.059,0.04,20.788,0.121,0.418882,0.562136,1,0.42,0.04,0.52,0.04,0.28,0.07,NaN,NaN,0.18,0.03,0.31,0.03
F,D170689,39.675458,-34.812278,21.462,0.026,21.763,0.024,21.367,0.101,20.812,0.074,0.37030895,0.49684641,1,0.56,0.04,0.58,0.04,NaN,NaN,NaN,NaN,0.18,0.04,0.19,0.03
F,D171497,39.68,-34.136944,21.38,0.021,21.636,0.022,21.186,0.134,21.046,0.076,0.36630189,0.48468904,1,0.49,0.05,0.54,0.04,NaN,NaN,0.26,0.07,NaN,NaN,NaN,NaN
F,D172185,39.677833,-34.805806,21.217,0.042,21.498,0.035,21.138,0.179,20.741,0.083,0.42283054,NaN,1,0.62,0.07,0.48,0.06,NaN,NaN,NaN,NaN,NaN,NaN,NaN,NaN
F,D174056,39.680667,-34.815611,21.401,0.027,21.656,0.026,21.28,0.137,20.969,0.093,0.38148519,0.4725713,1,0.42,0.04,0.45,0.04,NaN,NaN,NaN,NaN,0.16,0.03,0.19,0.02
F,D174311,39.681167,-34.792889,21.367,0.024,21.649,0.024,21.148,0.046,20.862,0.055,0.36012419,0.61408583,1,0.44,0.04,0.57,0.04,0.44,0.08,NaN,NaN,NaN,NaN,0.35,0.03
F,D174736,39.682375,-34.690222,21.389,0.026,21.674,0.024,21.173,0.017,20.88,0.1,0.389963,0.522916,1,0.42,0.04,0.52,0.04,0.33,0.04,NaN,NaN,0.28,0.03,0.28,0.03
F,D175769,39.683833,-34.709972,21.4,0.026,21.687,0.023,21.242,0.017,20.847,0.076,0.372129,0.50009687,1,0.41,0.03,0.59,0.04,0.39,0.04,NaN,NaN,0.08,0.02,0.09,0.02
F,D184230,39.696917,-34.575389,21.293,0.029,21.607,0.023,21.047,0.041,20.832,0.076,0.405956,0.54364363,1,0.38,0.03,0.44,0.03,0.37,0.06,0.24,0.09,0.19,0.04,0.13,0.02
F,D189741,39.704958,-34.579611,21.36,0.03,21.708,0.023,21.189,0.149,20.86,0.071,0.395865,0.52892015,1,0.52,0.04,0.43,0.03,NaN,NaN,NaN,NaN,0.2,0.03,0.23,0.03
F,D209897,39.732417,-34.852056,21.533,0.03,21.884,0.025,21.262,0.134,21.125,0.085,0.372926,0.50105805,1,0.32,0.03,0.38,0.04,NaN,NaN,NaN,NaN,0.17,0.04,0.26,0.05
F,D229876,39.760583,-34.489417,21.495,0.033,21.749,0.029,21.21,0.049,20.942,0.12,0.380269,0.51024161,1,0.37,0.05,0.42,0.04,0.36,0.07,0.44,0.13,0.22,0.04,0.39,0.03
F,D255756,39.794042,-34.860889,21.355,0.024,21.547,0.023,21.158,0.045,20.991,0.046,0.394805,0.52892004,1,0.51,0.04,0.66,0.05,0.35,0.08,NaN,NaN,0.12,0.03,0.16,0.02
F,D266899,39.808875,-34.811472,21.218,0.025,21.571,0.023,21.08,0.145,20.796,0.087,0.409147,0.54827,1,0.63,0.05,0.52,0.04,NaN,NaN,NaN,NaN,0.14,0.02,0.37,0.03
F,D299386,39.853208,-34.80225,21.368,0.028,21.703,0.023,21.173,0.215,21.002,0.148,0.38167015,0.46754391,1,0.41,0.04,0.49,0.04,NaN,NaN,NaN,NaN,NaN,NaN,NaN,NaN
F,D332389,39.901375,-34.152556,21.41,0.029,21.795,0.027,21.188,0.199,20.931,0.082,0.406427,0.31746207,1,0.41,0.05,0.28,0.03,NaN,NaN,NaN,NaN,NaN,NaN,0.23,0.03
F,D385412,39.968333,-34.598278,21.305,0.065,21.596,0.036,21.068,0.025,20.692,0.133,0.388272,0.52105,1,0.38,0.07,0.55,0.04,0.32,0.03,NaN,NaN,0.28,0.06,0.32,0.03
F,D403200,39.989292,-34.7795,21.367,0.029,21.623,0.022,21.079,0.175,20.935,0.114,0.4267941,0.36054907,1,0.23,0.04,0.43,0.04,NaN,NaN,NaN,NaN,NaN,NaN,NaN,NaN
F,D424394,40.014917,-34.783222,21.323,0.023,21.661,0.028,21.124,0.044,20.778,0.062,0.3667937,NaN,1,0.44,0.05,0.55,0.05,0.42,0.07,NaN,NaN,NaN,NaN,NaN,NaN
F,D425199,40.015833,-34.809556,21.422,0.022,21.72,0.022,21.152,0.182,21.016,0.037,0.37955971,0.50959744,1,0.35,0.04,0.38,0.03,NaN,NaN,NaN,NaN,0.25,0.03,0.19,0.03
F,D597798,40.304042,-34.586556,21.416,0.071,21.726,0.065,21.178,0.046,20.995,0.087,0.369059,0.49573824,1,0.35,0.07,0.41,0.06,0.25,0.06,0.24,0.11,0.29,0.07,0.29,0.06
F,D606444,40.323125,-34.228306,21.497,0.075,21.818,0.042,21.006,0.079,20.847,0.101,0.367449,0.491223,1,0.45,0.07,0.5,0.06,NaN,NaN,NaN,NaN,0.31,0.07,0.39,0.04
F,D613363,40.340125,-34.310389,21.377,0.073,21.68,0.067,21.225,0.186,20.86,0.106,0.39600951,0.5172849,1,0.41,0.08,0.59,0.07,NaN,NaN,NaN,NaN,NaN,NaN,NaN,NaN
F,D636804,40.40725,-34.255528,21.23,0.064,21.526,0.066,21.038,0.023,20.771,0.136,0.4102121,0.55074339,1,0.52,0.07,0.76,0.1,NaN,NaN,NaN,NaN,0.24,0.06,0.35,0.03
F,D667139,40.525083,-34.176028,21.336,0.072,21.569,0.071,NaN,NaN,NaN,NaN,0.34995409,0.46911272,1,0.42,0.07,0.59,0.08,NaN,NaN,NaN,NaN,0.23,0.07,0.27,0.08
F,D678160,40.579542,-34.425806,21.251,0.056,21.56,0.061,NaN,NaN,NaN,NaN,0.371955,0.318879,1,0.44,0.05,0.55,0.06,NaN,NaN,NaN,NaN,0.17,0.06,0.26,0.05
F,FBWJ126,39.717417,-34.382417,21.388,0.038,21.645,0.025,21.209,0.051,20.913,0.075,0.377945,0.507198,1,0.52,0.04,0.58,0.03,0.32,0.07,NaN,NaN,0.27,0.04,0.31,0.03
F,FBWJ147,39.750625,-34.702306,21.414,0.043,21.659,0.025,21.213,0.017,20.947,0.055,0.404827,0.54304,1,0.29,0.04,0.48,0.04,0.37,0.04,NaN,NaN,0.34,0.04,0.38,0.03
F,FBWJ163,39.776708,-34.702,21.399,0.054,21.675,0.025,21.161,0.05,20.912,0.083,0.386061,0.517695,1,0.47,0.06,0.61,0.04,0.47,0.08,NaN,NaN,0.24,0.05,0.23,0.03
F,FBWJ183,39.806625,-34.405889,21.38,0.043,21.623,0.026,21.141,0.054,20.925,0.116,0.396022,0.53064,1,0.37,0.05,0.61,0.04,0.3,0.06,NaN,NaN,0.22,0.05,0.26,0.03
F,FBWJ186,39.811833,-34.810944,21.347,0.025,21.612,0.024,21.299,0.1,21.047,0.064,0.375972,0.50488135,1,0.64,0.06,0.79,0.06,NaN,NaN,NaN,NaN,0.15,0.03,0.21,0.03
F,FBWJ20,39.49875,-34.595972,21.19,0.016,21.525,0.04,NaN,NaN,NaN,NaN,0.41229921,0.34802007,1,0.51,0.05,0.67,0.11,NaN,NaN,NaN,NaN,0.32,0.04,NaN,NaN
F,FBWJ204,39.842167,-34.335944,21.375,0.046,21.645,0.026,21.119,0.049,20.97,0.105,0.37935,0.508652,1,0.51,0.05,0.55,0.04,0.4,0.07,NaN,NaN,0.19,0.04,0.32,0.03
F,FBWJ305,40.084708,-34.705361,21.218,0.041,21.584,0.024,20.945,0.037,20.576,0.073,0.409906,0.54876353,1,0.38,0.04,0.58,0.04,0.33,0.05,NaN,NaN,NaN,NaN,0.16,0.02
F,FBWJ306,40.086458,-34.900028,21.288,0.026,21.577,0.024,21.066,0.04,20.838,0.079,0.38647075,0.52130098,1,0.46,0.05,0.38,0.04,0.62,0.18,NaN,NaN,NaN,NaN,0.14,0.02
F,FBWJ338,40.201042,-34.820028,21.37,0.03,21.54,0.024,21.208,0.134,21.065,0.043,0.36011565,0.44621128,1,0.51,0.06,0.69,0.07,NaN,NaN,NaN,NaN,0.28,0.04,0.29,0.03
F,FBWJ364,39.92175,-34.323889,21.276,0.061,21.665,0.035,21.088,0.036,20.773,0.085,0.406685,0.544996,1,0.38,0.06,0.42,0.04,0.31,0.05,NaN,NaN,0.15,0.06,0.25,0.04
F,FBWJ403,40.01925,-34.318833,21.403,0.074,21.713,0.04,21.207,0.036,20.907,0.088,0.401993,0.538724,1,0.39,0.08,0.47,0.04,0.37,0.07,0.32,0.1,NaN,NaN,0.24,0.05
F,FBWJ417,40.057292,-34.631472,21.461,0.059,21.681,0.026,21.268,0.059,20.888,0.103,0.374923,NaN,1,0.46,0.07,0.54,0.04,0.42,0.07,0.32,0.12,NaN,NaN,NaN,NaN
F,FBWJ457,40.140875,-34.632778,21.327,0.05,21.633,0.028,21.121,0.045,20.841,0.058,0.543972,0.385062,0,0.35,0.04,0.56,0.04,NaN,NaN,NaN,NaN,NaN,NaN,0.33,0.03
F,FBWJ458,40.141333,-34.592806,21.411,0.068,21.741,0.039,21.15,0.145,20.937,0.096,0.36612284,0.49146084,1,0.39,0.08,0.33,0.04,NaN,NaN,NaN,NaN,0.27,0.06,0.29,0.04
F,FBWJ460,40.1465,-34.374444,21.246,0.06,21.554,0.027,21.101,0.151,20.808,0.078,0.409558,0.548637,1,0.45,0.07,0.51,0.03,NaN,NaN,0.44,0.08,0.17,0.06,0.22,0.03
F,FBWJ541,40.209208,-34.7265,20.81,0.03,21.195,0.017,20.507,0.03,20.347,0.078,0.52689212,0.70601409,1,0.42,0.05,0.43,0.03,0.46,0.1,NaN,NaN,0.14,0.03,0.2,0.02
S,V356,,,,,,,,,,,0.3598143,0.48360602,1,0.28,0.03,0.45,0.04,NaN,NaN,NaN,NaN,0.15,0.03,0.37,0.04
S,V426,,,,,,,,,,,0.3566144,0.47963309,1,0.38,0.04,0.52,0.04,NaN,NaN,NaN,NaN,0.15,0.03,0.18,0.02
S,V479,,,,,,,,,,,0.35190258,0.47304664,1,0.38,0.04,0.5,0.04,NaN,NaN,NaN,NaN,0.17,0.04,0.21,0.02
S,V103,,,,,,,,,,,0.3585436,0.48172476,1,0.43,0.04,0.45,0.04,NaN,NaN,NaN,NaN,0.17,0.02,0.15,0.02
S,V190,,,,,,,,,,,0.35373915,0.47528866,1,0.43,0.03,0.52,0.04,NaN,NaN,NaN,NaN,0.2,0.02,0.23,0.02
S,V266,,,,,,,,,,,0.37599339,0.5041171,1,0.45,0.04,0.47,0.04,NaN,NaN,NaN,NaN,0.12,0.03,0.23,0.03
S,V358,,,,,,,,,,,0.35983284,0.48360098,1,0.38,0.02,0.66,0.06,NaN,NaN,NaN,NaN,0.17,0.02,0.19,0.02
S,V429,,,,,,,,,,,0.3556095,0.47809086,1,0.45,0.04,0.55,0.06,NaN,NaN,NaN,NaN,0.15,0.03,0.14,0.02
S,V485,,,,,,,,,,,0.36133826,0.48533392,1,0.47,0.04,0.58,0.05,NaN,NaN,NaN,NaN,0.22,0.03,0.3,0.03
S,V124,,,,,,,,,,,0.35991101,0.48348441,1,0.46,0.04,0.52,0.05,NaN,NaN,NaN,NaN,0.14,0.02,0.15,0.02
S,V193,,,,,,,,,,,0.40311885,0.54150704,1,0.41,0.03,0.56,0.04,NaN,NaN,NaN,NaN,0.28,0.03,0.31,0.03
S,V310,,,,,,,,,,,0.3583719,0.48144328,1,0.46,0.04,0.42,0.04,NaN,NaN,NaN,NaN,0.25,0.03,0.31,0.04
S,V439,,,,,,,,,,,0.40323131,0.54073037,1,0.37,0.04,0.62,0.06,NaN,NaN,NaN,NaN,0.23,0.03,0.29,0.03
S,V50,,,,,,,,,,,0.3630311,0.48721621,1,0.48,0.05,0.58,0.06,NaN,NaN,NaN,NaN,0.17,0.03,0.26,0.03
S,V249,,,,,,,,,,,0.3539298,0.47607263,1,0.37,0.04,0.62,0.05,NaN,NaN,NaN,NaN,0.19,0.04,0.15,0.03
S,V315,,,,,,,,,,,0.356845,0.47973109,1,0.41,0.04,0.47,0.05,NaN,NaN,NaN,NaN,0.23,0.03,0.31,0.04
S,V376,,,,,,,,,,,0.3622201,0.48654663,1,0.46,0.04,0.49,0.05,NaN,NaN,NaN,NaN,0.22,0.03,0.27,0.03
S,V141,,,,,,,,,,,0.36437803,0.48962181,1,0.46,0.04,0.55,0.05,NaN,NaN,NaN,NaN,0.28,0.03,0.35,0.04
S,V449,,,,,,,,,,,0.3640732,0.48904761,1,0.4,0.04,0.45,0.05,NaN,NaN,NaN,NaN,0.31,0.03,0.48,0.06
S,V555,,,,,,,,,,,0.35862379,0.48159249,1,0.38,0.03,0.43,0.04,NaN,NaN,NaN,NaN,0.11,0.03,0.16,0.02
S,V257,,,,,,,,,,,0.361518,0.48562896,1,0.32,0.03,0.32,0.04,NaN,NaN,NaN,NaN,0.25,0.03,0.34,0.03
S,V322,,,,,,,,,,,0.35451593,0.47647636,1,0.45,0.04,0.45,0.04,NaN,NaN,NaN,NaN,0.21,0.04,0.19,0.03
S,V393,,,,,,,,,,,0.38875176,0.52240696,1,0.4,0.04,0.5,0.05,NaN,NaN,NaN,NaN,0.16,0.03,0.14,0.03
S,V161,,,,,,,,,,,0.3966956,0.53191942,1,0.36,0.04,0.52,0.05,NaN,NaN,NaN,NaN,0.22,0.03,0.28,0.03
S,V576,,,,,,,,,,,0.39246483,0.52653421,1,0.36,0.03,0.52,0.04,NaN,NaN,NaN,NaN,0.09,0.02,0.3,0.03
S,V258,,,,,,,,,,,0.374973,0.50325218,1,0.33,0.04,0.51,0.05,NaN,NaN,NaN,NaN,0.22,0.03,0.44,0.04
S,V353,,,,,,,,,,,0.36037881,0.48360454,1,0.36,0.03,0.52,0.04,NaN,NaN,NaN,NaN,0.15,0.02,0.16,0.02
S,V416,,,,,,,,,,,0.35649665,0.47891027,1,0.39,0.04,0.65,0.04,NaN,NaN,NaN,NaN,0.21,0.04,0.29,0.03
S,V468,,,,,,,,,,,0.3531207,0.47446151,1,0.42,0.03,0.53,0.05,NaN,NaN,NaN,NaN,0.21,0.02,0.29,0.04
S,V187,,,,,,,,,,,0.3813162,0.511935,1,0.5,0.05,0.57,0.05,NaN,NaN,NaN,NaN,0.16,0.03,0.22,0.03
S,V93,,,,,,,,,,,0.3495626,0.46947214,1,0.47,0.05,0.45,0.04,NaN,NaN,NaN,NaN,0.15,0.03,0.16,0.03
S,V365,,,,,,,,,,,0.35604457,0.47762153,1,0.42,0.04,0.54,0.05,NaN,NaN,NaN,NaN,0.1,0.03,0.17,0.03
S,V102,,,,,,,,,,,0.35405658,0.31489633,1,0.52,0.05,0.56,0.05,NaN,NaN,NaN,NaN,NaN,NaN,NaN,NaN
S,V252,,,,,,,,,,,0.353666,0.47405309,1,0.26,0.04,0.26,0.04,NaN,NaN,NaN,NaN,NaN,NaN,NaN,NaN
S,V314,,,,,,,,,,,0.3681475,0.4644601,1,0.4,0.04,0.52,0.04,NaN,NaN,NaN,NaN,NaN,NaN,NaN,NaN
S,V539,,,,,,,,,,,0.35591951,0.47700002,1,0.42,0.04,0.55,0.04,NaN,NaN,NaN,NaN,NaN,NaN,NaN,NaN
S,V56,,,,,,,,,,,0.37922708,0.34738621,1,0.39,0.03,0.6,0.05,NaN,NaN,NaN,NaN,NaN,NaN,NaN,NaN
S,V66,,,,,,,,,,,0.3417124,0.45891154,1,0.36,0.04,0.6,0.05,NaN,NaN,NaN,NaN,NaN,NaN,NaN,NaN
