FBW,o_Vmag,Vmag,e_Vmag,o_V-Ic,V-Ic,e_V-Ic,E(B-V),OName,n_FBW,_RA,_DE
J023800.0-344422,32,18.562,0.021,32,1.860,0.026,0.034,,,39.5000,-34.7394
J023806.1-343119,30,20.233,0.065,30,3.765,0.070,0.033,,,39.5254,-34.5219
J023812.6-345606,32,18.504,0.022,32,2.291,0.026,0.033,"DK1, DI30",,39.5525,-34.9350
J023817.1-342548,32,18.591,0.023,32,2.314,0.030,0.029,"S3, DI13",,39.5712,-34.4300
J023821.3-343618,32,18.335,0.021,32,1.942,0.026,0.034,,?,39.5887,-34.6050
J023822.0-345213,32,17.960,0.014,32,1.577,0.019,0.032,,,39.5917,-34.8703
J023822.6-343804,32,18.731,0.023,31,2.296,0.029,0.035,DK15,,39.5942,-34.6344
J023826.3-342533,30,18.451,0.017,30,1.649,0.022,0.029,,,39.6096,-34.4258
J023830.2-344503,28,18.324,0.017,28,1.875,0.021,0.033,,,39.6258,-34.7508
J023833.4-342824,32,18.403,0.018,32,1.717,0.025,0.029,,?,39.6392,-34.4733
J023840.1-343225,31,18.249,0.017,31,1.993,0.021,0.030,S5,?,39.6671,-34.5403
J023842.1-344740,28,18.415,0.018,28,1.624,0.023,0.031,DK9,"?, very low ampl.",39.6754,-34.7944
J023844.5-344825,21,18.545,0.053,26,2.572,0.062,0.030,,"?, in glob. cluster",39.6854,-34.8069
J023851.5-343525,29,18.477,0.018,29,2.483,0.022,0.029,"S8, DK32",,39.7146,-34.5903
J023853.0-344919,32,19.699,0.043,32,3.214,0.048,0.029,DK8,,39.7208,-34.8219
J023855.4-344916,32,17.735,0.013,32,2.271,0.018,0.029,,?,39.7308,-34.8211
J023856.9-344634,32,19.793,0.047,32,3.620,0.051,0.029,DI28,,39.7371,-34.7761
J023857.0-344749,32,18.278,0.017,32,2.218,0.021,0.029,"DK7, DI29",,39.7375,-34.7969
J023858.2-343211,31,18.385,0.019,31,2.327,0.023,0.027,"S11, DK36",,39.7425,-34.5364
J023905.5-343250,31,18.364,0.018,31,1.680,0.023,0.026,,,39.7729,-34.5472
J023910.7-343919,5,19.635,0.070,2,3.697,0.070,0.026,"S18, DI26",,39.7946,-34.6553
J023911.2-345302,32,17.819,0.013,32,1.653,0.018,0.029,,?,39.7967,-34.8839
J023911.9-343741,31,18.310,0.019,31,2.004,0.024,0.026,"S20, DK30, DI24",,39.7996,-34.6281
J023912.4-343358,31,18.151,0.015,31,2.029,0.019,0.025,"S21, DK35, DI21",,39.8017,-34.5661
J023916.7-343231,31,18.108,0.014,31,1.776,0.019,0.025,DI18,,39.8196,-34.5419
J023917.8-345905,27,18.474,0.019,27,1.668,0.024,0.030,,,39.8242,-34.9847
J023921.3-342329,29,18.185,0.017,29,1.948,0.023,0.027,S28,irr.,39.8387,-34.3914
J023922.8-342809,31,18.904,0.025,31,2.705,0.031,0.026,"S29, DK38",,39.8450,-34.4692
J023923.3-342906,29,18.230,0.016,29,2.210,0.021,0.025,S30,,39.8471,-34.4850
J023924.1-343302,31,18.491,0.020,31,2.154,0.025,0.025,"S31, DK33",?,39.8504,-34.5506
J023924.1-343802,31,18.063,0.016,31,2.086,0.025,0.025,DK29,?,39.8504,-34.6339
J023925.3-344435,31,18.310,0.019,31,1.968,0.025,0.026,DK24,,39.8554,-34.7431
J023925.7-344222,31,18.202,0.017,27,2.134,0.021,0.025,S36,,39.8571,-34.7061
J023926.6-342812,29,18.216,0.016,29,1.710,0.023,0.025,S38,?,39.8608,-34.4700
J023929.2-344605,22,17.846,0.014,22,1.535,0.018,0.026,,,39.8717,-34.7681
J023929.8-342723,17,17.947,0.015,17,2.150,0.020,0.025,"S39, DI14",,39.8742,-34.4564
J023938.0-343053,27,19.244,0.043,24,1.062,0.093,0.024,DI15,?,39.9083,-34.5147
J023939.6-341951,32,18.120,0.016,32,2.044,0.021,0.024,"S55, DK47",?,39.9150,-34.3308
J023940.8-343256,23,18.268,0.018,23,2.001,0.027,0.024,S59,"?, very crowded",39.9200,-34.5489
J023941.4-343340,17,18.593,0.019,17,2.054,0.031,0.024,S61,"?, very crowded",39.9225,-34.5611
J023943.8-343053,32,17.888,0.015,32,1.681,0.021,0.023,,"?, very crowded",39.9325,-34.5147
J023944.0-342610,32,18.294,0.016,32,2.101,0.021,0.023,S63,,39.9333,-34.4361
J023945.1-341932,32,18.317,0.018,32,1.635,0.023,0.023,S68,,39.9379,-34.3256
J023949.1-343123,33,18.079,0.016,33,2.140,0.021,0.023,DK37,?,39.9546,-34.5231
J023951.4-343912,17,18.305,0.024,14,1.838,0.045,0.024,"S72, DI25",,39.9642,-34.6533
J023951.8-343320,33,19.130,0.032,33,3.411,0.035,0.024,S74,very crowded,39.9658,-34.5556
J023953.2-344602,32,18.212,0.016,32,1.960,0.021,0.024,"S76, DK10",,39.9717,-34.7672
J023954.6-342242,34,18.815,0.020,34,2.479,0.024,0.022,"S80, DK43",,39.9775,-34.3783
J023958.6-342527,33,18.652,0.026,33,2.496,0.029,0.020,S87,?,39.9942,-34.4242
J024000.9-342243,33,18.242,0.016,33,2.440,0.019,0.021,"S89, DK44",?,40.0037,-34.3786
J024001.3-342018,34,18.773,0.026,34,2.597,0.030,0.022,"S90, DK48, DI7",,40.0054,-34.3383
J024002.5-342742,34,19.386,0.034,34,3.107,0.040,0.020,"S92, DK55",?,40.0104,-34.4617
J024002.7-343148,34,19.351,0.033,34,3.353,0.037,0.023,DK62,?,40.0112,-34.5300
J024002.6-344825,34,18.510,0.021,34,2.000,0.026,0.024,"S93, DK5",?,40.0108,-34.8069
J024005.3-343218,33,19.157,0.035,33,3.278,0.038,0.022,"S98, DK61",,40.0221,-34.5383
J024005.5-342743,33,18.507,0.019,33,2.530,0.025,0.020,DK54,,40.0229,-34.4619
J024006.1-342852,34,18.379,0.020,34,1.592,0.025,0.020,,,40.0254,-34.4811
J024006.4-342013,32,18.331,0.018,32,1.810,0.023,0.021,S101,,40.0267,-34.3369
J024008.1-342605,31,18.563,0.019,31,2.461,0.024,0.020,S103,,40.0337,-34.4347
J024008.2-343237,34,18.905,0.030,34,1.343,0.038,0.020,DI17,,40.0342,-34.5436
J024009.0-343439,32,18.597,0.020,32,2.693,0.025,0.024,S104,?,40.0375,-34.5775
J024010.1-343321,33,19.413,0.054,33,3.687,0.058,0.024,"S105, DI20",,40.0421,-34.5558
J024011.0-342904,34,18.198,0.018,34,1.662,0.023,0.021,,?,40.0458,-34.4844
J024011.7-343245,33,18.454,0.022,33,2.394,0.026,0.022,"S108, DK60",,40.0487,-34.5458
J024012.2-343009,34,18.659,0.023,34,2.121,0.027,0.021,"S109, DK59",?,40.0508,-34.5025
J024014.1-345828,33,17.379,0.012,33,2.050,0.017,0.027,DK2,,40.0587,-34.9744
J024015.6-343403,34,19.358,0.043,34,3.208,0.046,0.024,"S115, DK65",,40.0650,-34.5675
J024017.1-342211,34,17.986,0.014,34,1.826,0.019,0.020,"S116, DK49",,40.0712,-34.3697
J024017.7-342735,32,19.987,0.052,32,3.345,0.056,0.020,,,40.0737,-34.4597
J024019.0-341846,31,18.458,0.019,31,2.445,0.024,0.022,S119,,40.0792,-34.3128
J024019.3-344214,30,19.396,0.036,30,1.135,0.048,0.024,,,40.0804,-34.7039
J024019.9-343309,34,18.398,0.019,34,2.053,0.024,0.024,"S122, DI19",,40.0829,-34.5525
J024022.6-344037,32,18.222,0.016,32,2.052,0.021,0.025,S124,,40.0942,-34.6769
J024025.0-342858,34,18.536,0.022,33,2.189,0.037,0.020,"S131, DK56",,40.1042,-34.4828
J024031.2-342844,15,20.062,0.034,15,3.068,0.050,0.020,,,40.1300,-34.4789
J024031.9-342048,15,18.893,0.017,15,2.397,0.027,0.021,"S134, DI10",,40.1329,-34.3467
J024039.1-343533,15,18.847,0.017,14,1.929,0.029,0.024,DI23,,40.1629,-34.5925
J024039.2-345741,34,18.091,0.015,34,1.857,0.021,0.026,,,40.1633,-34.9614
J024039.8-343133,15,18.178,0.014,14,1.694,0.024,0.022,DK58,?,40.1658,-34.5258
J024045.9-343454,14,17.855,0.014,14,1.650,0.024,0.023,DI22,?,40.1912,-34.5817
J024048.3-343536,14,17.375,0.013,11,1.922,0.021,0.023,S144,?,40.2012,-34.5933
J024052.2-343723,15,18.370,0.015,14,2.100,0.025,0.023,DK23,?,40.2175,-34.6231
J024103.5-344805,33,20.412,0.097,34,3.793,0.101,0.024,,,40.2646,-34.8014
J024110.8-343151,14,18.513,0.015,13,2.107,0.025,0.022,"S153, DI16",,40.2950,-34.5308
J024111.5-345504,29,18.392,0.018,30,2.280,0.023,0.025,,,40.2979,-34.9178
