FBW,o_Vmag,Vmag,e_Vmag,o_Icmag,Icmag,e_Icmag,WS,Period,E(B-V),_RA,_DE
J023926.4-344027,28,21.321,0.028,27,20.799,0.042,1.03,0.37206,0.025,39.86,-34.6742
J023749.8-342427,24,21.389,0.027,24,20.755,0.036,1.422,0.54365,0.028,39.4575,-34.4075
J023750.8-342736,32,21.346,0.021,31,20.744,0.035,2.741,0.58252,0.03,39.4617,-34.46
J023751.9-342620,32,21.419,0.023,32,20.887,0.033,1.139,0.58052,0.029,39.4662,-34.4389
J023752.8-344615,32,21.469,0.029,32,20.56,0.033,2.005,0.16459,0.034,39.47,-34.7708
J023753.4-345215,28,21.344,0.026,28,20.781,0.035,1.584,0.5926,0.035,39.4725,-34.8708
J023755.0-343726,30,21.401,0.026,29,20.911,0.035,1.506,0.40322,0.035,39.4792,-34.6239
J023756.0-342732,32,21.468,0.02,32,21.101,0.036,5.965,0.33797,0.03,39.4833,-34.4589
J023756.1-344332,31,21.544,0.022,31,20.849,0.036,2.666,0.51202,0.034,39.4837,-34.7256
J023756.6-343507,32,21.392,0.022,32,20.766,0.031,2.208,0.54362,0.035,39.4858,-34.5853
J023757.0-342201,32,21.455,0.021,32,20.838,0.032,2.497,0.56046,0.028,39.4875,-34.3669
J023757.0-344240,32,21.474,0.024,32,21.015,0.04,3.505,0.56818,0.035,39.4875,-34.7111
J023757.6-343244,32,21.359,0.022,32,20.95,0.035,2.609,0.5917,0.034,39.49,-34.5456
J023758.5-344604,30,21.343,0.023,30,20.715,0.034,1.46,0.58916,0.034,39.4937,-34.7678
J023758.8-344727,31,21.348,0.021,31,20.786,0.033,4.824,0.3467,0.034,39.495,-34.7908
J023759.1-344916,31,21.4,0.021,31,20.728,0.032,3.231,0.61108,0.034,39.4962,-34.8211
J023759.6-343545,31,21.282,0.022,30,20.719,0.031,1.433,0.41234,0.035,39.4983,-34.5958
J023759.6-344710,32,21.321,0.021,32,20.794,0.034,1.607,0.55731,0.034,39.4983,-34.7861
J023800.1-342206,31,21.347,0.022,31,20.741,0.031,1.268,0.61252,0.028,39.5004,-34.3683
J023800.1-343528,30,21.504,0.023,29,20.763,0.035,1.421,0.37461,0.035,39.5004,-34.5911
J023800.3-342430,32,21.395,0.021,32,20.814,0.033,3.383,0.60619,0.029,39.5012,-34.4083
J023800.4-343016,31,21.387,0.021,31,20.808,0.031,2.809,0.37532,0.032,39.5017,-34.5044
J023801.1-343646,32,21.589,0.024,31,20.925,0.035,2.535,0.56237,0.035,39.5046,-34.6128
J023801.4-345048,30,21.182,0.02,29,20.343,0.029,2.599,0.67512,0.034,39.5058,-34.8467
J023801.6-342919,31,21.46,0.022,31,20.791,0.033,4.939,0.56304,0.032,39.5067,-34.4886
J023802.1-344422,31,21.398,0.024,31,20.878,0.038,1.782,0.56136,0.034,39.5087,-34.7394
J023802.8-342931,13,21.344,0.026,13,20.836,0.056,2.305,0.57273,0.032,39.5117,-34.4919
J023804.3-344433,32,21.43,0.023,32,20.876,0.035,1.285,0.62225,0.035,39.5179,-34.7425
J023804.6-342108,32,21.424,0.022,32,20.802,0.033,1.365,0.60205,0.029,39.5192,-34.3522
J023804.7-344159,31,21.399,0.024,31,20.782,0.034,2.121,0.53559,0.035,39.5196,-34.6997
J023806.5-341952,32,21.36,0.019,32,20.749,0.03,2.993,0.56235,0.028,39.5271,-34.3311
J023806.5-344350,32,21.363,0.023,32,20.778,0.035,1.229,0.6256,0.035,39.5271,-34.7306
J023806.9-344615,32,21.346,0.023,32,20.718,0.034,1.188,0.56588,0.034,39.5287,-34.7708
J023807.2-342521,32,21.336,0.019,32,20.557,0.027,2.835,0.59151,0.029,39.53,-34.4225
J023807.2-344844,32,21.272,0.023,32,20.821,0.035,2.083,0.28775,0.034,39.53,-34.8122
J023808.3-344047,28,21.396,0.026,27,20.811,0.038,1.583,0.64647,0.036,39.5346,-34.6797
J023808.8-344509,32,21.304,0.02,32,20.846,0.035,3.418,0.53501,0.034,39.5367,-34.7525
J023810.1-342616,32,21.463,0.022,32,20.796,0.034,2.945,0.59144,0.029,39.5421,-34.4378
J023810.7-343401,32,21.466,0.021,32,20.774,0.033,3.688,0.58577,0.035,39.5446,-34.5669
J023811.0-345530,32,21.324,0.022,32,20.797,0.034,1.478,0.28936,0.033,39.5458,-34.925
J023812.9-344439,32,21.362,0.024,32,20.906,0.036,2.118,0.5428,0.035,39.5537,-34.7442
J023812.9-345111,32,21.369,0.022,32,20.787,0.035,4.619,0.58726,0.033,39.5537,-34.8531
J023813.5-345825,32,21.309,0.024,32,20.779,0.032,2.312,0.39833,0.033,39.5562,-34.9736
J023816.3-345525,31,21.427,0.025,31,20.785,0.032,1.993,0.73723,0.033,39.5679,-34.9236
J023816.8-345648,32,21.21,0.019,32,20.655,0.029,3.643,0.65953,0.033,39.57,-34.9467
J023818.0-345752,32,21.406,0.022,32,20.78,0.034,2.999,0.59404,0.033,39.575,-34.9644
J023818.3-344315,32,21.195,0.02,32,20.642,0.029,1.494,0.2838,0.035,39.5762,-34.7208
J023819.5-342546,12,21.404,0.026,12,20.754,0.054,1.835,0.54797,0.029,39.5812,-34.4294
J023819.6-342439,30,21.386,0.022,30,20.84,0.035,1.183,0.61665,0.029,39.5817,-34.4108
J023819.9-343802,32,21.493,0.024,32,20.893,0.032,0.905,0.55108,0.036,39.5829,-34.6339
J023819.9-345618,31,21.507,0.025,31,20.943,0.038,3.269,0.55445,0.033,39.5829,-34.9383
J023820.6-345357,31,21.243,0.021,31,20.728,0.032,1.583,0.61515,0.032,39.5858,-34.8992
J023821.6-344525,32,21.173,0.019,32,20.781,0.032,3.13,0.62817,0.034,39.59,-34.7569
J023821.7-345157,32,21.3,0.021,32,20.787,0.032,1.631,0.61012,0.032,39.5904,-34.8658
J023822.2-344851,32,21.331,0.022,32,20.776,0.033,2.616,0.28982,0.033,39.5925,-34.8142
J023823.8-345125,31,21.409,0.022,31,21.021,0.038,3.27,0.5739,0.032,39.5992,-34.8569
J023824.6-343335,32,21.513,0.022,32,20.969,0.037,1.081,0.57956,0.034,39.6025,-34.5597
J023825.5-343249,32,21.473,0.022,32,21.077,0.039,2.016,0.31617,0.032,39.6062,-34.5469
J023826.7-343224,32,21.377,0.021,32,20.897,0.033,4.651,0.53789,0.032,39.6112,-34.54
J023827.0-342923,31,21.455,0.024,31,21.102,0.038,4.837,0.42953,0.031,39.6125,-34.4897
J023827.5-345156,32,21.347,0.022,32,20.742,0.034,2.458,0.62625,0.032,39.6146,-34.8656
J023828.0-343029,32,21.452,0.021,32,20.644,0.031,2.161,0.59722,0.03,39.6167,-34.5081
J023828.0-343221,31,21.202,0.02,30,20.478,0.028,0.938,0.4265,0.031,39.6167,-34.5392
J023828.6-342020,32,21.534,0.021,32,20.858,0.034,4.381,0.5352,0.029,39.6192,-34.3389
J023828.6-345416,32,21.344,0.02,32,20.832,0.033,2.145,0.62845,0.031,39.6192,-34.9044
J023828.8-342323,32,21.293,0.02,32,20.768,0.031,1.473,0.60243,0.029,39.62,-34.3897
J023829.5-343310,31,21.597,0.026,31,21.168,0.037,2.001,0.51869,0.032,39.6229,-34.5528
J023830.0-345639,31,21.43,0.023,31,20.781,0.035,1.682,0.59166,0.032,39.625,-34.9442
J023830.1-344308,13,21.468,0.033,13,20.886,0.066,1.302,0.57691,0.034,39.6254,-34.7189
J023831.3-342814,31,25.299,0.021,31,17.621,0.029,1.587,0.53505,0.029,39.6304,-34.4706
J023831.6-342122,32,21.441,0.022,32,20.68,0.03,2.89,0.57582,0.03,39.6317,-34.3561
J023831.9-343115,31,21.518,0.024,31,20.963,0.033,1.126,0.59493,0.031,39.6329,-34.5208
J023832.1-344359,32,21.223,0.02,32,20.622,0.03,1.052,0.65407,0.034,39.6337,-34.7331
J023832.4-344103,29,21.375,0.023,29,20.682,0.037,1.393,0.58765,0.034,39.635,-34.6842
J023832.5-345253,31,21.401,0.023,31,20.823,0.034,2.451,0.6023,0.031,39.6354,-34.8814
J023833.0-344408,30,21.497,0.026,30,20.864,0.042,1.57,0.54458,0.034,39.6375,-34.7356
J023834.0-343209,32,21.138,0.017,32,20.507,0.028,2.557,0.57019,0.031,39.6417,-34.5358
J023834.1-342149,32,21.46,0.023,32,20.898,0.036,2.904,0.63237,0.03,39.6421,-34.3636
J023834.1-342703,32,21.134,0.017,32,20.565,0.027,4.839,0.62728,0.029,39.6421,-34.4508
J023834.3-343057,32,21.657,0.023,32,21.153,0.04,2.577,0.54025,0.03,39.6429,-34.5158
J023835.1-343023,32,21.236,0.019,32,20.761,0.03,2.197,0.57872,0.03,39.6462,-34.5064
J023835.2-343449,32,21.452,0.025,32,20.913,0.035,1.188,0.59263,0.032,39.6467,-34.5803
J023835.5-345106,32,21.631,0.025,32,21.213,0.04,1.135,0.61778,0.031,39.6479,-34.8517
J023836.0-345719,31,21.456,0.026,31,20.711,0.035,2.622,0.57217,0.033,39.65,-34.9553
J023836.2-342822,32,21.316,0.019,32,20.532,0.028,5.833,0.38064,0.029,39.6508,-34.4728
J023836.8-343448,32,21.492,0.024,32,20.817,0.033,0.958,0.67041,0.03,39.6533,-34.58
J023837.0-342754,32,21.252,0.019,32,20.716,0.031,3.125,0.57242,0.029,39.6542,-34.465
J023837.1-345427,32,21.37,0.022,32,20.951,0.036,1.162,0.42006,0.031,39.6546,-34.9075
J023837.9-343646,13,21.235,0.027,13,20.704,0.051,1.392,0.57846,0.031,39.6579,-34.6128
J023838.0-343440,14,21.258,0.023,14,20.732,0.054,1.148,0.65021,0.03,39.6583,-34.5778
J023838.5-344437,13,21.31,0.026,13,20.737,0.058,1.079,0.59212,0.032,39.6604,-34.7436
J023839.9-344146,32,21.547,0.025,31,20.849,0.037,1.081,0.51895,0.032,39.6662,-34.6961
J023840.6-343125,31,21.451,0.023,31,20.806,0.033,1.427,0.61536,0.03,39.6692,-34.5236
J023840.8-341946,31,21.342,0.021,31,20.781,0.033,1.914,0.58545,0.029,39.67,-34.3294
J023840.9-342712,31,21.516,0.026,31,21.068,0.039,0.97,0.43118,0.029,39.6704,-34.4533
J023840.9-343253,31,21.431,0.022,31,20.724,0.033,1.34,0.54646,0.03,39.6704,-34.5481
J023841.8-342851,29,21.116,0.02,29,20.416,0.026,1.053,0.60536,0.029,39.6742,-34.4808
J023842.4-342751,31,21.074,0.018,31,20.645,0.029,1.444,0.42941,0.029,39.6767,-34.4642
J023842.4-343001,31,21.222,0.019,31,20.629,0.028,1.298,0.61299,0.029,39.6767,-34.5003
J023844.2-343121,30,21.558,0.026,30,20.905,0.037,0.963,0.61419,0.028,39.6842,-34.5225
J023844.2-344859,31,21.45,0.023,31,20.918,0.038,4.789,0.5801,0.03,39.6842,-34.8164
J023844.8-345346,31,21.423,0.021,31,20.781,0.036,2.156,0.58178,0.031,39.6867,-34.8961
J023845.1-343703,27,21.335,0.02,27,20.761,0.033,4.774,0.55119,0.029,39.6879,-34.6175
J023845.2-344805,32,21.528,0.029,32,20.985,0.047,1.336,0.60228,0.03,39.6883,-34.8014
J023845.6-342656,13,20.981,0.022,13,20.398,0.046,0.953,0.69429,0.029,39.69,-34.4489
J023845.8-342429,13,21.32,0.028,13,20.786,0.058,1.495,0.58699,0.029,39.6908,-34.4081
J023845.8-343654,31,21.196,0.019,31,20.672,0.029,0.981,0.69761,0.029,39.6908,-34.615
J023846.0-344836,29,21.222,0.028,29,20.712,0.037,2.762,0.59811,0.03,39.6917,-34.81
J023846.4-342110,31,21.241,0.019,31,20.666,0.029,3.155,0.5976,0.029,39.6933,-34.3528
J023846.6-341947,31,21.437,0.021,31,20.95,0.035,0.971,0.56402,0.028,39.6942,-34.3297
J023846.6-343002,31,21.3,0.022,31,20.626,0.03,1.428,0.6702,0.028,39.6942,-34.5006
J023846.9-344900,30,21.416,0.024,30,20.907,0.037,1.464,0.34528,0.03,39.6954,-34.8167
J023846.9-345742,32,21.448,0.024,32,20.965,0.034,1.789,0.30521,0.033,39.6954,-34.9617
J023849.3-345647,30,21.258,0.023,30,20.766,0.035,4.097,0.63381,0.032,39.7054,-34.9464
J023849.4-345008,31,21.312,0.022,31,20.716,0.032,2.607,0.61115,0.03,39.7058,-34.8356
J023849.5-344524,30,21.185,0.021,30,20.735,0.031,1.637,0.61238,0.03,39.7062,-34.7567
J023849.9-344630,30,21.031,0.02,30,20.544,0.026,7.19,0.56221,0.03,39.7079,-34.775
J023850.2-344458,30,21.317,0.025,30,20.9,0.034,2.383,0.56878,0.03,39.7092,-34.7494
J023850.8-344527,30,21.377,0.026,30,21.06,0.036,1.425,0.33956,0.03,39.7117,-34.7575
J023851.0-344219,32,21.195,0.022,32,20.762,0.031,2.046,0.65572,0.03,39.7125,-34.7053
J023851.2-342317,31,21.348,0.021,31,20.787,0.033,2.545,0.58039,0.029,39.7133,-34.3881
J023851.9-342910,30,21.417,0.023,30,20.938,0.038,1.448,0.57947,0.028,39.7162,-34.4861
J023852.1-342256,29,21.283,0.023,29,20.824,0.034,1.275,0.37876,0.028,39.7171,-34.3822
J023852.3-343137,29,21.41,0.023,29,20.794,0.036,2.062,0.60354,0.027,39.7179,-34.5269
J023852.6-343743,28,21.164,0.02,28,20.789,0.034,3.738,0.56191,0.028,39.7192,-34.6286
J023852.7-343601,13,21.307,0.023,13,20.804,0.053,1.098,0.52441,0.027,39.7196,-34.6003
J023853.6-345518,32,21.302,0.022,32,20.822,0.033,3.747,0.2279,0.032,39.7233,-34.9217
J023853.9-344229,30,21.623,0.028,30,21.052,0.039,1.214,0.5534,0.028,39.7246,-34.7081
J023854.0-343224,31,25.482,0.021,31,17.969,0.034,2.708,0.60498,0.027,39.725,-34.54
J023854.6-343526,31,21.1,0.018,31,20.58,0.027,3.892,0.59457,0.027,39.7275,-34.5906
J023855.0-344752,32,21.373,0.022,32,20.901,0.036,1.548,0.55759,0.029,39.7292,-34.7978
J023855.1-343712,31,21.074,0.019,31,20.563,0.028,1.081,0.63614,0.028,39.7296,-34.62
J023855.4-342343,31,21.366,0.024,31,20.757,0.032,0.947,0.3807,0.029,39.7308,-34.3953
J023856.2-345002,32,21.456,0.025,32,20.729,0.034,1.876,0.31784,0.029,39.7342,-34.8339
J023856.4-343258,31,21.462,0.024,31,20.79,0.035,1.951,0.57788,0.027,39.735,-34.5494
J023857.6-342710,13,21.335,0.029,13,20.793,0.06,1.474,0.59402,0.028,39.74,-34.4528
J023858.2-342312,31,21.394,0.022,31,20.891,0.033,5.501,0.32749,0.029,39.7425,-34.3867
J023858.2-343409,30,21.127,0.019,30,20.534,0.028,2.115,0.57495,0.027,39.7425,-34.5692
J023858.2-344136,13,21.302,0.03,13,20.824,0.065,1.605,0.60569,0.028,39.7425,-34.6933
J023859.0-342008,31,20.993,0.017,31,20.459,0.025,2.254,0.66388,0.028,39.7458,-34.3356
J023859.0-344616,31,21.253,0.02,31,20.632,0.03,1.624,0.62594,0.029,39.7458,-34.7711
J023859.3-343718,30,21.564,0.025,30,20.891,0.04,1.294,0.63663,0.028,39.7471,-34.6217
J023859.6-342346,31,21.446,0.022,31,20.63,0.033,3.41,0.35786,0.029,39.7483,-34.3961
J023900.1-344208,32,21.352,0.024,32,20.772,0.033,1.802,0.26929,0.027,39.7504,-34.7022
J023900.2-344635,31,21.252,0.021,31,20.575,0.03,2.275,0.36242,0.028,39.7508,-34.7764
J023900.3-345348,32,21.297,0.023,32,20.716,0.034,2.091,0.57616,0.03,39.7512,-34.8967
J023900.4-343703,30,21.299,0.022,30,20.784,0.033,1.114,0.53486,0.027,39.7517,-34.6175
J023900.5-343055,31,21.224,0.019,31,20.466,0.028,1.206,0.67308,0.027,39.7521,-34.5153
J023902.4-342625,31,21.31,0.019,31,20.479,0.028,1.833,0.5188,0.028,39.76,-34.4403
J023903.2-342031,30,21.517,0.023,30,20.961,0.036,4.691,0.5357,0.027,39.7633,-34.3419
J023903.7-342408,31,21.411,0.023,31,20.98,0.039,7.974,0.56593,0.028,39.7654,-34.4022
J023904.1-344331,32,21.215,0.021,32,20.673,0.031,1.206,0.27588,0.028,39.7671,-34.7253
J023904.2-342740,31,21.37,0.022,31,20.844,0.034,2.469,0.58253,0.027,39.7675,-34.4611
J023904.6-345517,30,21.458,0.024,30,20.856,0.036,1.677,0.57056,0.031,39.7692,-34.9214
J023904.8-344100,32,21.408,0.024,32,20.864,0.038,4.188,0.56761,0.027,39.77,-34.6833
J023904.9-344936,30,21.448,0.025,30,20.843,0.036,1.527,0.61422,0.029,39.7704,-34.8267
J023905.0-345212,32,21.419,0.025,32,20.942,0.037,1.808,0.56298,0.029,39.7708,-34.87
J023905.6-343504,31,21.25,0.022,31,20.551,0.029,1.158,0.58704,0.026,39.7733,-34.5844
J023905.9-345903,31,21.311,0.022,31,20.753,0.034,1.003,0.44421,0.032,39.7746,-34.9842
J023906.3-344207,32,21.397,0.025,32,20.96,0.041,1.175,0.28448,0.027,39.7762,-34.7019
J023906.7-342806,31,21.432,0.019,31,20.746,0.032,1.484,0.54891,0.027,39.7779,-34.4683
J023907.0-343318,31,21.351,0.024,31,20.772,0.034,1.407,0.63398,0.026,39.7792,-34.555
J023907.1-343316,31,20.78,0.017,31,19.971,0.019,3.098,0.33609,0.026,39.7796,-34.5544
J023907.4-345034,13,21.013,0.03,12,20.399,0.059,1.179,0.57738,0.029,39.7808,-34.8428
J023907.5-342625,31,21.048,0.02,28,20.389,0.026,1.048,0.62738,0.028,39.7812,-34.4403
J023908.1-341957,31,21.575,0.025,31,20.989,0.039,3.315,0.53558,0.027,39.7837,-34.3325
J023910.1-342359,31,21.327,0.022,31,20.727,0.032,2.93,0.58359,0.027,39.7921,-34.3997
J023910.5-344059,32,21.181,0.02,32,20.527,0.029,3.328,0.42479,0.026,39.7937,-34.6831
J023910.8-345852,32,21.136,0.019,32,20.467,0.027,1.797,0.67149,0.03,39.795,-34.9811
J023910.9-344921,31,21.458,0.022,31,20.83,0.033,2.927,0.55678,0.028,39.7954,-34.8225
J023911.0-342058,12,21.359,0.027,12,20.768,0.057,1.487,0.65382,0.027,39.7958,-34.3494
J023911.6-343755,31,21.403,0.022,31,20.801,0.031,2.694,0.56104,0.026,39.7983,-34.6319
J023911.6-345033,30,21.433,0.024,30,20.749,0.034,1.378,0.29478,0.028,39.7983,-34.8425
J023911.7-343300,31,21.152,0.019,31,20.629,0.03,5.644,0.62666,0.025,39.7987,-34.55
J023911.8-344622,31,21.169,0.02,31,20.647,0.029,1.129,0.6481,0.028,39.7992,-34.7728
J023912.1-341930,31,21.053,0.019,31,20.419,0.026,2.103,0.64428,0.027,39.8004,-34.325
J023912.5-343126,30,21.3,0.02,30,20.625,0.03,2.008,0.53048,0.025,39.8021,-34.5239
J023913.1-344017,29,21.237,0.023,29,20.852,0.033,2.892,0.2819,0.026,39.8046,-34.6714
J023913.1-345434,32,21.294,0.022,32,20.676,0.029,1.026,0.42072,0.029,39.8046,-34.9094
J023913.5-342421,31,21.349,0.023,31,20.808,0.034,1.623,0.39544,0.027,39.8062,-34.4058
J023913.7-343554,26,21.019,0.029,26,20.356,0.038,1.304,0.56972,0.026,39.8071,-34.5983
J023913.9-343658,31,21.266,0.021,31,20.723,0.031,6.075,0.6062,0.026,39.8079,-34.6161
J023914.8-344839,31,21.458,0.026,31,20.847,0.036,1.636,0.37554,0.028,39.8117,-34.8108
J023915.5-345741,30,21.41,0.024,30,20.73,0.033,1.33,0.36787,0.03,39.8146,-34.9614
J023916.1-344403,28,21.772,0.027,28,20.639,0.047,2.42,0.52025,0.027,39.8171,-34.7342
J023916.2-345351,31,21.501,0.024,31,20.897,0.037,1.267,0.36086,0.028,39.8175,-34.8975
J023916.3-343039,31,21.233,0.021,31,20.638,0.03,0.942,0.58961,0.025,39.8179,-34.5108
J023916.5-342710,31,21.434,0.021,31,20.675,0.026,1.977,0.61559,0.026,39.8187,-34.4528
J023917.0-343000,31,21.536,0.026,31,21.056,0.04,2.158,0.34337,0.025,39.8208,-34.5
J023917.2-345303,27,21.296,0.024,27,20.651,0.035,1.211,0.65667,0.028,39.8217,-34.8842
J023917.8-345531,31,21.405,0.022,31,20.759,0.031,1.228,0.61982,0.029,39.8242,-34.9253
J023918.2-342523,30,21.488,0.023,30,20.791,0.033,1.435,0.60807,0.027,39.8258,-34.4231
J023918.5-342334,31,21.482,0.026,31,20.739,0.033,1.268,0.36718,0.027,39.8271,-34.3928
J023918.7-343606,29,21.278,0.022,29,20.542,0.03,1.038,0.59782,0.026,39.8279,-34.6017
J023919.4-342729,31,21.243,0.02,31,20.651,0.03,3.772,0.57484,0.026,39.8308,-34.4581
J023919.8-345145,31,21.13,0.021,31,20.505,0.028,1.1,0.39015,0.027,39.8325,-34.8625
J023919.9-342022,31,21.512,0.027,31,20.77,0.036,1.699,0.59527,0.026,39.8329,-34.3394
J023920.5-343124,31,21.416,0.026,31,20.86,0.036,2.889,0.58372,0.025,39.8354,-34.5233
J023920.7-345520,30,21.212,0.02,30,20.888,0.033,1.551,0.68058,0.029,39.8362,-34.9222
J023920.8-344126,31,21.419,0.026,31,20.699,0.035,1.951,0.58345,0.026,39.8367,-34.6906
J023922.0-342009,31,21.395,0.025,31,20.953,0.037,1.78,0.37861,0.026,39.8417,-34.3358
J023922.5-344857,28,21.247,0.022,28,20.857,0.034,2.459,0.22927,0.027,39.8437,-34.8158
J023922.8-343546,31,21.624,0.026,31,21.263,0.042,1.848,0.57899,0.026,39.845,-34.5961
J023923.0-345143,31,21.494,0.026,31,20.919,0.038,1.782,0.27457,0.027,39.8458,-34.8619
J023923.3-343414,31,21.14,0.017,31,20.601,0.025,4.057,0.56844,0.025,39.8471,-34.5706
J023923.4-344540,29,21.603,0.026,29,20.886,0.036,3.459,0.55697,0.027,39.8475,-34.7611
J023923.7-343604,22,21.448,0.027,22,20.842,0.043,1.599,0.48273,0.026,39.8487,-34.6011
J023923.9-344758,30,21.424,0.023,30,20.894,0.034,3.767,0.36437,0.027,39.8496,-34.7994
J023924.3-343213,31,21.111,0.021,31,20.47,0.027,1.497,0.60533,0.024,39.8512,-34.5369
J023924.6-343251,25,21.489,0.032,28,20.349,0.034,1.556,0.31414,0.024,39.8525,-34.5475
J023924.8-343538,30,21.54,0.029,30,21.13,0.043,1.109,0.36301,0.025,39.8533,-34.5939
J023925.0-345444,30,21.387,0.023,30,20.72,0.033,2.379,0.58003,0.028,39.8542,-34.9122
J023925.7-343258,31,21.619,0.029,31,20.963,0.039,1.915,0.30638,0.024,39.8571,-34.5494
J023925.9-342059,31,21.347,0.024,31,20.88,0.033,1.7,0.21303,0.025,39.8579,-34.3497
J023926.6-341954,31,21.342,0.024,31,20.742,0.032,0.974,0.37077,0.025,39.8608,-34.3317
J023927.1-342427,28,21.076,0.019,28,21.057,0.038,2.876,0.56955,0.026,39.8629,-34.4075
J023927.1-345820,28,21.324,0.024,28,20.826,0.036,1.839,0.35855,0.029,39.8629,-34.9722
J023927.2-342220,31,21.255,0.023,31,20.656,0.035,4.29,0.35446,0.025,39.8633,-34.3722
J023927.3-343422,27,21.409,0.028,29,20.771,0.038,2.102,0.58807,0.025,39.8637,-34.5728
J023927.6-342124,26,21.486,0.027,26,20.943,0.041,2.685,0.60209,0.025,39.865,-34.3567
J023928.1-342655,24,21.45,0.03,17,20.838,0.041,2.604,0.36294,0.026,39.8671,-34.4486
J023929.5-344649,23,21.422,0.033,23,20.85,0.042,1.082,0.55673,0.026,39.8729,-34.7803
J023935.4-344232,31,21.466,0.024,29,20.863,0.038,1.235,0.37427,0.024,39.8975,-34.7089
J023935.9-345251,23,21.672,0.028,23,21.106,0.051,3.17,0.5347,0.027,39.8996,-34.8808
J023936.2-345546,33,21.185,0.018,33,20.821,0.03,2.848,0.58698,0.027,39.9008,-34.9294
J023936.6-345001,24,21.352,0.024,24,20.817,0.041,2.377,0.58668,0.026,39.9025,-34.8336
J023939.1-342741,14,21.156,0.02,14,20.569,0.047,5.084,0.53957,0.024,39.9129,-34.4614
J023939.9-343156,16,21.04,0.021,16,20.571,0.041,1.675,0.53215,0.024,39.9162,-34.5322
J023940.0-344938,32,21.412,0.022,32,20.671,0.03,2.219,0.54618,0.026,39.9167,-34.8272
J023940.7-344803,33,21.49,0.022,33,20.776,0.032,1.115,0.59347,0.025,39.9196,-34.8008
J023940.7-345718,34,21.182,0.018,34,20.767,0.028,0.949,0.42792,0.027,39.9196,-34.955
J023942.1-344330,33,21.156,0.018,33,20.434,0.025,1.118,0.37873,0.024,39.9254,-34.725
J023943.7-344853,31,21.406,0.02,31,20.81,0.033,4.709,0.55587,0.025,39.9321,-34.8147
J023943.8-344159,29,21.342,0.023,29,20.739,0.034,2.708,0.48566,0.024,39.9325,-34.6997
J023943.9-345313,15,21.062,0.03,15,20.364,0.05,1.307,0.36035,0.027,39.9329,-34.8869
J023944.7-343123,33,21.095,0.018,33,20.626,0.027,1.291,0.66529,0.024,39.9362,-34.5231
J023945.2-344314,34,21.206,0.019,34,20.769,0.031,5.034,0.5313,0.024,39.9383,-34.7206
J023945.4-345513,33,21.23,0.02,33,20.894,0.029,4.107,0.54338,0.027,39.9392,-34.9203
J023946.0-343651,16,21.33,0.027,16,20.952,0.055,2.074,0.45231,0.025,39.9417,-34.6142
J023946.4-344130,28,21.327,0.02,30,20.672,0.033,2.16,0.58283,0.024,39.9433,-34.6917
J023947.3-342836,31,21.047,0.019,32,20.505,0.025,2.401,0.54003,0.022,39.9471,-34.4767
J023947.5-344607,33,21.359,0.02,33,20.66,0.031,0.914,0.60488,0.025,39.9479,-34.7686
J023947.9-344734,15,21.273,0.024,15,20.737,0.057,2.708,0.54571,0.025,39.9496,-34.7928
J023948.1-343044,15,21.192,0.022,15,20.796,0.05,2.286,0.60799,0.022,39.9504,-34.5122
J023949.1-341935,33,21.529,0.018,33,20.58,0.028,4.701,0.35891,0.022,39.9546,-34.3264
J023949.3-344931,32,21.282,0.02,32,20.751,0.031,4.183,0.60522,0.026,39.9554,-34.8253
J023950.2-345117,27,21.326,0.022,27,20.794,0.038,1.674,0.28219,0.027,39.9592,-34.8547
J023952.1-345859,34,21.27,0.021,34,20.827,0.031,1.423,0.59911,0.027,39.9671,-34.9831
J023952.2-345132,34,21.511,0.022,34,20.874,0.033,1.452,0.60819,0.027,39.9675,-34.8589
J023953.2-345810,32,21.364,0.02,32,20.79,0.03,2.388,0.58228,0.027,39.9717,-34.9694
J023954.2-345714,34,21.386,0.023,34,20.861,0.031,2.837,0.57336,0.027,39.9758,-34.9539
J023954.8-343601,34,20.99,0.016,34,20.506,0.025,2.502,0.57469,0.025,39.9783,-34.6003
J023955.1-343056,33,21.098,0.019,33,20.413,0.024,1.506,0.60635,0.022,39.9796,-34.5156
J023956.2-345752,34,21.232,0.019,34,20.652,0.029,2.029,0.62764,0.027,39.9842,-34.9644
J023956.7-344838,34,21.352,0.021,34,20.741,0.032,1.346,0.62357,0.024,39.9862,-34.8106
J023956.9-344557,32,21.223,0.02,32,20.772,0.032,1.104,0.66851,0.024,39.9871,-34.7658
J023957.0-344722,33,21.402,0.022,33,20.951,0.039,2.725,0.56381,0.024,39.9875,-34.7894
J023957.4-342558,14,21.145,0.022,14,20.594,0.045,4.753,0.5304,0.02,39.9892,-34.4328
J023957.5-344555,34,21.353,0.023,34,20.757,0.032,1.826,0.37903,0.024,39.9896,-34.7653
J023957.5-344722,34,21.029,0.015,34,20.614,0.027,1.102,0.62915,0.024,39.9896,-34.7894
J023957.7-344028,33,21.239,0.021,33,20.66,0.03,3.35,0.37119,0.024,39.9904,-34.6744
J023957.7-344340,33,21.319,0.02,33,20.73,0.031,1.098,0.54618,0.024,39.9904,-34.7278
J023957.9-344448,29,21.456,0.019,29,20.825,0.037,1.885,0.60097,0.024,39.9912,-34.7467
J023958.5-343224,33,21.393,0.021,33,20.906,0.033,2.607,0.59631,0.023,39.9937,-34.54
J023959.2-342930,31,21.498,0.024,31,20.969,0.037,2.044,0.52005,0.021,39.9967,-34.4917
J023959.7-345452,34,21.396,0.019,34,20.696,0.03,2.675,0.58734,0.028,39.9987,-34.9144
J024000.2-344820,15,21.252,0.024,15,20.736,0.055,3.608,0.60169,0.024,40.0008,-34.8056
J024000.2-345830,34,21.49,0.024,34,20.936,0.037,1.198,0.4302,0.027,40.0008,-34.975
J024000.7-344834,34,21.465,0.023,34,20.891,0.035,1.295,0.35392,0.024,40.0029,-34.8094
J024000.9-344930,32,21.51,0.023,32,20.876,0.037,1.299,0.25035,0.025,40.0037,-34.825
J024001.3-341855,33,20.954,0.019,33,19.899,0.019,0.991,0.22549,0.023,40.0054,-34.3153
J024002.4-345738,34,21.285,0.021,34,20.786,0.031,4.052,0.56122,0.027,40.01,-34.9606
J024002.9-343500,34,25.2,0.021,34,18.248,0.034,1.242,0.56713,0.025,40.0121,-34.5833
J024003.2-344020,32,21.419,0.023,32,20.83,0.037,1.285,0.37063,0.024,40.0133,-34.6722
J024003.6-344207,34,21.449,0.02,34,20.828,0.035,5.263,0.56208,0.024,40.015,-34.7019
J024003.9-345813,32,21.288,0.022,32,20.717,0.031,2.132,0.61134,0.027,40.0162,-34.9703
J024004.6-345349,32,21.236,0.019,32,20.84,0.032,2.863,0.61239,0.027,40.0192,-34.8969
J024005.3-343619,34,21.562,0.02,34,20.614,0.033,1.372,0.54373,0.025,40.0221,-34.6053
J024006.2-345559,33,21.381,0.019,33,20.665,0.029,5.384,0.54694,0.028,40.0258,-34.9331
J024006.5-344756,33,21.426,0.018,33,20.912,0.031,4.786,0.54081,0.024,40.0271,-34.7989
J024006.9-343205,13,21.07,0.051,9,20.493,0.104,1.419,0.45333,0.022,40.0287,-34.5347
J024008.0-345802,33,21.257,0.019,33,20.806,0.029,2.995,0.55902,0.027,40.0333,-34.9672
J024009.7-341951,34,21.125,0.016,34,20.562,0.025,1.703,0.58043,0.021,40.0404,-34.3308
J024011.2-345742,34,21.29,0.019,34,20.789,0.03,3.062,0.57226,0.027,40.0467,-34.9617
J024011.5-344035,28,20.997,0.018,28,19.783,0.017,0.999,0.43355,0.025,40.0479,-34.6764
J024012.5-344427,30,21.358,0.022,30,20.814,0.037,1.313,0.39878,0.024,40.0521,-34.7408
J024012.7-345302,34,21.583,0.025,34,20.931,0.035,1.746,0.52834,0.027,40.0529,-34.8839
J024013.0-344546,34,21.429,0.022,34,20.953,0.035,2.296,0.57579,0.024,40.0542,-34.7628
J024013.6-342723,31,21.451,0.023,31,21.128,0.037,1.529,0.56415,0.02,40.0567,-34.4564
J024013.6-343747,33,21.06,0.017,33,20.467,0.026,1.363,0.68707,0.025,40.0567,-34.6297
J024013.7-342032,32,21.709,0.02,32,20.93,0.035,4.034,0.5246,0.021,40.0571,-34.3422
J024014.7-344357,34,21.323,0.021,34,20.783,0.032,1.409,0.53567,0.024,40.0612,-34.7325
J024015.5-345755,33,21.33,0.019,33,20.844,0.03,3.45,0.55777,0.027,40.0646,-34.9653
J024015.9-344016,29,21.156,0.022,30,20.665,0.035,2.733,0.29779,0.025,40.0662,-34.6711
J024018.4-344842,34,21.201,0.02,34,20.616,0.028,1.331,0.54593,0.024,40.0767,-34.8117
J024018.5-344846,34,21.391,0.021,34,20.796,0.031,3.983,0.6053,0.024,40.0771,-34.8128
J024018.7-345656,34,21.509,0.022,34,20.698,0.032,1.536,0.36807,0.028,40.0779,-34.9489
J024019.2-343823,28,21.154,0.019,28,20.184,0.022,1.84,0.58292,0.025,40.08,-34.6397
J024019.6-344545,34,21.283,0.021,34,20.59,0.03,1.394,0.60872,0.024,40.0817,-34.7625
J024019.6-345014,34,21.415,0.023,34,20.838,0.033,1.736,0.5964,0.025,40.0817,-34.8372
J024020.0-345402,33,21.5,0.023,33,20.876,0.033,2.137,0.36465,0.027,40.0833,-34.9006
J024020.3-344219,30,21.081,0.017,32,20.438,0.026,1.169,0.40942,0.024,40.0846,-34.7053
J024020.7-345400,34,21.351,0.022,34,20.835,0.032,1.052,0.63054,0.027,40.0862,-34.9
J024020.9-345846,33,21.329,0.02,33,20.779,0.03,6.159,0.45399,0.027,40.0871,-34.9794
J024021.5-343038,34,21.025,0.017,34,20.51,0.024,0.947,0.59293,0.021,40.0896,-34.5106
J024023.0-345425,27,21.233,0.022,32,20.824,0.032,1.023,0.63076,0.027,40.0958,-34.9069
J024023.0-345734,34,21.23,0.02,34,20.555,0.025,2.513,0.38705,0.027,40.0958,-34.9594
J024023.7-343509,33,21.149,0.019,33,20.549,0.027,1.77,0.60005,0.025,40.0987,-34.5858
J024024.0-342145,32,21.438,0.021,32,20.875,0.035,10.624,0.52019,0.02,40.1,-34.3625
J024026.8-344239,16,21.198,0.023,16,20.711,0.05,2.338,0.6023,0.024,40.1117,-34.7108
J024028.1-345108,33,21.342,0.019,33,20.785,0.031,1.209,0.37172,0.026,40.1171,-34.8522
J024030.1-344423,34,21.185,0.019,34,20.686,0.029,2.197,0.54992,0.024,40.1254,-34.7397
J024030.1-344457,32,21.448,0.023,32,20.882,0.035,4.566,0.57363,0.024,40.1254,-34.7492
J024030.7-342020,15,21.165,0.02,15,20.567,0.043,1.226,0.57181,0.021,40.1279,-34.3389
J024032.6-344129,34,21.196,0.022,34,20.725,0.029,1.43,0.38206,0.024,40.1358,-34.6914
J024032.9-344909,34,21.349,0.023,34,20.849,0.034,1.199,0.58273,0.025,40.1371,-34.8192
J024033.1-343446,14,21.153,0.022,14,20.655,0.047,3.452,0.65173,0.023,40.1379,-34.5794
J024034.0-341922,14,21.264,0.023,14,20.674,0.05,3.877,0.6463,0.021,40.1417,-34.3228
J024036.0-345420,33,21.22,0.02,16,20.675,0.038,1.194,0.6135,0.026,40.15,-34.9056
J024036.4-342547,14,21.348,0.024,14,20.895,0.055,3.304,0.56986,0.02,40.1517,-34.4297
J024036.6-344206,33,21.498,0.022,33,21.12,0.039,3.118,0.35997,0.024,40.1525,-34.7017
J024039.5-344306,34,21.062,0.017,34,20.456,0.024,1.164,0.40765,0.024,40.1646,-34.7183
J024039.7-342402,14,21.189,0.021,14,20.764,0.051,5.655,0.558,0.02,40.1654,-34.4006
J024040.0-345721,33,21.458,0.019,33,20.806,0.032,2.473,0.57351,0.026,40.1667,-34.9558
J024040.1-343051,15,21.116,0.02,14,20.65,0.05,1.145,0.6102,0.021,40.1671,-34.5142
J024041.8-344515,33,20.976,0.016,33,20.329,0.022,1.979,0.54882,0.024,40.1742,-34.7542
J024043.6-344500,34,21.332,0.021,34,20.854,0.032,3.478,0.60656,0.024,40.1817,-34.75
J024043.7-344713,30,21.379,0.022,30,20.892,0.036,1.149,0.61617,0.024,40.1821,-34.7869
J024045.0-344730,34,21.394,0.022,34,20.94,0.028,3.896,0.55952,0.024,40.1875,-34.7917
J024046.3-344322,33,21.485,0.021,33,20.891,0.032,5.031,0.55819,0.024,40.1929,-34.7228
J024046.5-344233,34,21.301,0.023,34,20.659,0.033,1.462,0.39124,0.024,40.1937,-34.7092
J024047.1-342535,14,21.403,0.023,14,20.877,0.051,7.21,0.53278,0.021,40.1962,-34.4264
J024047.3-344657,34,21.287,0.019,34,20.799,0.031,3.658,0.58336,0.024,40.1971,-34.7825
J024047.7-344109,29,21.535,0.025,29,20.793,0.039,0.99,0.52797,0.024,40.1987,-34.6858
J024048.2-344912,28,21.399,0.023,28,20.747,0.035,1.139,0.36012,0.024,40.2008,-34.82
J024049.3-344032,34,21.347,0.021,34,20.605,0.031,1.398,0.36965,0.024,40.2054,-34.6756
J024049.6-344604,34,21.339,0.022,34,20.638,0.027,0.934,0.41426,0.024,40.2067,-34.7678
J024050.4-342919,15,21.076,0.02,14,20.591,0.044,1.417,0.29547,0.021,40.21,-34.4886
J024051.5-342525,14,21.137,0.021,14,20.685,0.046,2.559,0.58453,0.021,40.2146,-34.4236
J024051.5-345332,30,21.446,0.025,30,20.902,0.034,2.292,0.5711,0.025,40.2146,-34.8922
J024052.5-344357,33,21.403,0.022,34,20.727,0.03,0.953,0.35433,0.024,40.2187,-34.7325
J024054.9-345003,33,21.452,0.022,34,20.991,0.034,1.718,0.53585,0.024,40.2287,-34.8342
J024055.2-345157,26,21.385,0.024,27,20.895,0.039,1.729,0.56743,0.025,40.23,-34.8658
J024055.6-345755,34,21.279,0.021,34,20.674,0.027,0.917,0.38629,0.025,40.2317,-34.9653
J024055.9-344956,33,21.098,0.019,34,20.673,0.027,1.261,0.30182,0.024,40.2329,-34.8322
J024058.3-344552,31,20.8,0.015,25,20.059,0.02,3.073,0.48111,0.024,40.2429,-34.7644
J024058.6-344741,33,21.27,0.021,34,20.812,0.029,2.23,0.62489,0.024,40.2442,-34.7947
J024059.1-344334,33,21.337,0.021,33,20.832,0.032,1.086,0.40338,0.024,40.2462,-34.7261
J024100.6-345613,33,21.373,0.022,34,20.834,0.031,3.525,0.5613,0.025,40.2525,-34.9369
J024101.3-344839,33,21.481,0.024,34,20.807,0.033,1.482,0.34513,0.024,40.2554,-34.8108
J024101.6-345622,33,21.361,0.021,34,20.92,0.033,2.172,0.35589,0.025,40.2567,-34.9394
J024103.1-345550,33,21.337,0.022,34,20.835,0.028,1.781,0.36591,0.025,40.2629,-34.9306
J024106.5-344911,33,21.453,0.024,34,20.91,0.034,2.66,0.5271,0.024,40.2771,-34.8197
J023916.2-342404,31,21.729,0.026,31,21.049,0.039,1.045,0.55549,0.027,39.8175,-34.4011
J023938.8-343749,24,21.512,0.029,24,21.032,0.046,3.106,0.60253,0.025,39.9117,-34.6303
J023939.3-342711,33,21.434,0.025,33,20.957,0.035,2.77,0.56782,0.024,39.9137,-34.4531
J023940.2-342104,33,21.385,0.021,33,20.777,0.031,1.458,0.64033,0.023,39.9175,-34.3511
J023940.2-343523,14,21.386,0.026,14,20.823,0.055,4.178,0.57367,0.025,39.9175,-34.5897
J023940.6-343238,17,21.276,0.024,17,20.815,0.045,2.401,0.60773,0.024,39.9192,-34.5439
J023940.6-343650,34,21.364,0.023,34,20.738,0.029,1.723,0.62468,0.025,39.9192,-34.6139
J023941.1-341925,34,21.332,0.019,34,20.928,0.03,0.969,0.40623,0.023,39.9212,-34.3236
J023941.1-343557,15,21.584,0.033,15,21.189,0.068,1.025,0.61441,0.025,39.9212,-34.5992
J023941.4-342954,31,21.432,0.022,31,20.911,0.035,1.935,0.54211,0.023,39.9225,-34.4983
J023941.4-343653,31,21.418,0.025,31,20.937,0.039,1.553,0.63125,0.025,39.9225,-34.6147
J023942.1-342712,14,21.707,0.04,14,21.024,0.076,1.102,0.60813,0.022,39.9254,-34.4533
J023943.3-342738,32,21.786,0.026,32,20.928,0.04,1.658,0.56517,0.022,39.9304,-34.4606
J023944.6-342514,30,21.503,0.022,30,20.894,0.035,2.643,0.57117,0.023,39.9358,-34.4206
J023945.7-342522,32,21.491,0.025,33,21.184,0.039,1.571,0.66012,0.023,39.9404,-34.4228
J023945.7-343326,24,21.414,0.026,24,20.765,0.039,1.431,0.62272,0.024,39.9404,-34.5572
J023946.2-341837,31,21.443,0.023,31,20.787,0.033,1.92,0.61924,0.024,39.9425,-34.3103
J023946.6-342951,33,21.405,0.022,33,20.81,0.032,1.923,0.55497,0.023,39.9442,-34.4975
J023947.1-343455,31,21.389,0.024,30,20.743,0.034,1.193,0.55355,0.024,39.9462,-34.5819
J023948.5-342101,32,21.547,0.023,32,21.065,0.038,1.13,0.51959,0.022,39.9521,-34.3503
J023949.6-342358,32,21.203,0.019,32,20.621,0.029,1.589,0.33563,0.022,39.9567,-34.3994
J023949.6-342939,32,21.42,0.025,32,21.125,0.038,1.803,0.59366,0.022,39.9567,-34.4942
J023950.3-342320,33,21.416,0.019,33,20.818,0.031,1.814,0.37304,0.022,39.9596,-34.3889
J023951.3-342019,33,21.44,0.021,33,20.984,0.032,1.738,0.5765,0.022,39.9637,-34.3386
J023951.3-343308,33,21.318,0.021,33,20.839,0.032,2.03,0.58067,0.024,39.9637,-34.5522
J023954.7-343623,34,21.495,0.022,34,20.897,0.034,1.615,0.6034,0.025,39.9779,-34.6064
J023955.0-343301,14,21.304,0.024,14,20.638,0.046,2.167,0.62293,0.024,39.9792,-34.5503
J023955.3-342007,33,21.232,0.02,33,20.734,0.029,1.628,0.39335,0.022,39.9804,-34.3353
J023955.4-342317,34,21.53,0.022,34,20.907,0.033,2.918,0.61668,0.022,39.9808,-34.3881
J023956.1-342632,32,21.674,0.024,32,21.052,0.04,1.752,0.54987,0.02,39.9837,-34.4422
J023956.7-343451,32,21.923,0.029,32,20.939,0.04,2.819,0.63786,0.024,39.9862,-34.5808
J023956.9-343759,15,21.605,0.028,11,20.79,0.06,0.937,0.55008,0.025,39.9871,-34.6331
J023957.2-342454,32,21.423,0.024,32,20.989,0.039,1.387,0.56954,0.021,39.9883,-34.415
J023958.2-343207,31,21.342,0.026,31,20.364,0.033,2.489,0.45813,0.023,39.9925,-34.5353
J023958.5-342722,15,21.297,0.027,14,20.695,0.054,1.387,0.65118,0.02,39.9937,-34.4561
J023959.1-342525,32,21.178,0.02,32,20.615,0.03,2.505,0.29907,0.02,39.9962,-34.4236
J023959.2-342930,34,25.161,0.009,34,18.383,0.036,2.352,0.52011,0.021,39.9967,-34.4917
J023959.6-342835,14,21.234,0.027,14,20.458,0.047,1.556,0.59585,0.02,39.9983,-34.4764
J023959.6-342911,31,21.118,0.02,31,20.342,0.024,2.178,0.55411,0.021,39.9983,-34.4864
J023959.9-342234,32,21.615,0.027,32,21.002,0.041,3.671,0.58433,0.021,39.9996,-34.3761
J024001.6-342717,33,21.529,0.026,33,20.755,0.034,1.707,0.62477,0.02,40.0067,-34.4547
J024001.8-342715,33,22.113,0.022,33,25.345,0.035,3.276,0.58848,0.02,40.0075,-34.4542
J024002.3-342017,14,21.431,0.028,14,21.049,0.062,1.686,0.5791,0.022,40.0096,-34.3381
J024002.6-343243,33,21.322,0.021,33,20.773,0.033,1.781,0.60011,0.023,40.0108,-34.5453
J024003.0-343144,14,21.546,0.033,14,20.84,0.061,1.068,0.61522,0.023,40.0125,-34.5289
J024003.4-342427,33,21.581,0.024,33,21.066,0.038,1.888,0.52811,0.021,40.0142,-34.4075
J024004.5-341907,32,21.436,0.023,32,21.014,0.035,1.081,0.45653,0.021,40.0187,-34.3186
J024004.5-343658,14,21.686,0.031,14,20.883,0.059,1.401,0.55304,0.025,40.0187,-34.6161
J024004.7-342628,34,21.484,0.022,34,21.003,0.032,4.408,0.35023,0.02,40.0196,-34.4411
J024005.0-341934,34,21.319,0.019,33,20.485,0.026,2.619,0.5973,0.021,40.0208,-34.3261
J024005.2-342233,32,21.214,0.018,32,21.393,0.039,0.985,0.35402,0.02,40.0217,-34.3758
J024006.8-342331,32,21.326,0.021,32,20.882,0.035,0.972,0.52506,0.02,40.0283,-34.3919
J024010.2-343033,14,21.451,0.033,14,20.838,0.061,1.742,0.53294,0.021,40.0425,-34.5092
J024011.5-343644,15,21.241,0.021,15,20.827,0.051,2.602,0.55115,0.025,40.0479,-34.6122
J024011.6-342004,33,21.516,0.024,33,21.087,0.034,4.527,0.54071,0.021,40.0483,-34.3344
J024011.8-343114,33,21.569,0.026,33,20.808,0.035,3.15,0.61667,0.022,40.0492,-34.5206
J024012.4-343503,33,21.287,0.023,33,20.75,0.032,1.04,0.67662,0.025,40.0517,-34.5842
J024012.8-342834,30,21.314,0.022,32,21.423,0.042,5.245,0.55907,0.02,40.0533,-34.4761
J024013.5-343311,32,21.555,0.025,32,20.822,0.038,2.912,0.60289,0.024,40.0562,-34.5531
J024013.6-342723,33,21.461,0.023,33,21.151,0.037,2.466,0.56421,0.02,40.0567,-34.4564
J024013.7-343753,14,21.383,0.027,14,20.914,0.056,1.147,0.59854,0.025,40.0571,-34.6314
J024014.7-342041,33,21.56,0.021,33,20.74,0.031,0.968,0.38146,0.021,40.0612,-34.3447
J024014.9-342046,34,21.345,0.023,34,20.94,0.034,1.285,0.54185,0.021,40.0621,-34.3461
J024015.0-343520,33,21.617,0.025,33,20.899,0.037,0.982,0.58071,0.025,40.0625,-34.5889
J024015.6-342502,32,21.417,0.023,32,21.051,0.035,0.943,0.56541,0.02,40.065,-34.4172
J024015.8-342650,33,21.57,0.027,33,21.037,0.039,1.345,0.56274,0.02,40.0658,-34.4472
J024015.9-342844,15,21.442,0.029,15,20.998,0.063,3.936,0.57291,0.02,40.0662,-34.4789
J024016.0-342202,33,21.284,0.019,19,20.752,0.04,3.237,0.58346,0.02,40.0667,-34.3672
J024016.2-343648,30,21.542,0.025,30,20.887,0.036,1.629,0.35295,0.025,40.0675,-34.6133
J024016.6-342729,33,21.372,0.021,33,20.837,0.032,0.918,0.58682,0.02,40.0692,-34.4581
J024016.6-343017,34,21.249,0.021,33,20.521,0.029,1.493,0.54853,0.021,40.0692,-34.5047
J024017.4-343631,33,21.44,0.022,33,20.801,0.032,2.037,0.59565,0.025,40.0725,-34.6086
J024017.6-342158,34,21.318,0.021,34,20.745,0.029,1.501,0.61311,0.02,40.0733,-34.3661
J024019.1-341850,30,21.356,0.024,30,20.756,0.036,2.399,0.57592,0.022,40.0796,-34.3139
J024019.3-342459,33,21.59,0.024,33,21.241,0.038,2.743,0.38727,0.02,40.0804,-34.4164
J024019.6-343431,33,21.332,0.024,33,20.886,0.035,1.394,0.37822,0.024,40.0817,-34.5753
J024019.6-343514,33,21.454,0.024,33,20.947,0.035,1.684,0.38445,0.025,40.0817,-34.5872
J024020.9-342039,33,21.446,0.023,33,21.087,0.035,1.05,0.60201,0.021,40.0871,-34.3442
J024021.0-342434,32,21.505,0.023,32,20.966,0.033,5.457,0.55518,0.02,40.0875,-34.4094
J024021.6-343747,33,21.575,0.023,32,20.797,0.033,2.454,0.57094,0.025,40.09,-34.6297
J024022.3-342053,33,21.366,0.02,33,20.736,0.033,2.106,0.37146,0.021,40.0929,-34.3481
J024023.3-342627,32,21.415,0.022,31,21.101,0.036,5.004,0.55845,0.02,40.0971,-34.4408
J024023.5-343245,33,21.355,0.024,33,20.976,0.036,1.275,0.4244,0.022,40.0979,-34.5458
J024024.3-342524,33,21.255,0.019,33,20.799,0.03,1.731,0.29108,0.02,40.1012,-34.4233
J024024.7-341846,31,21.206,0.021,31,20.772,0.031,1.058,0.38704,0.022,40.1029,-34.3128
J024025.1-342835,29,21.461,0.024,31,20.91,0.036,4.322,0.57125,0.02,40.1046,-34.4764
J024025.4-342949,32,21.32,0.02,30,21.112,0.038,3.365,0.54017,0.021,40.1058,-34.4969
J024025.5-342157,15,21.303,0.023,15,20.7,0.043,3.102,0.58384,0.02,40.1062,-34.3658
J024026.3-342215,14,21.399,0.029,14,20.923,0.062,1.463,0.57372,0.02,40.1096,-34.3708
J024027.6-342918,14,21.394,0.028,14,20.832,0.058,1.752,0.58344,0.021,40.115,-34.4883
J024028.6-342752,13,21.343,0.029,13,20.711,0.066,2.134,0.53055,0.02,40.1192,-34.4644
J024028.8-342215,14,21.496,0.03,14,20.963,0.062,2.309,0.54542,0.02,40.12,-34.3708
J024029.5-342351,14,21.292,0.026,14,20.739,0.05,1.379,0.59767,0.02,40.1229,-34.3975
J024029.5-343428,14,21.252,0.024,14,20.666,0.05,1.319,0.65112,0.023,40.1229,-34.5744
J024031.7-343735,15,21.423,0.023,15,20.859,0.052,1.47,0.57857,0.024,40.1321,-34.6264
J024032.5-342301,14,21.454,0.029,14,21.202,0.065,1.753,0.57164,0.02,40.1354,-34.3836
J024032.7-343229,15,21.152,0.021,14,20.663,0.05,2.194,0.64871,0.022,40.1362,-34.5414
J024033.2-342109,14,21.296,0.026,14,21.059,0.059,1.334,0.34647,0.02,40.1383,-34.3525
J024033.3-343131,15,21.446,0.029,14,20.81,0.057,2.479,0.58205,0.022,40.1387,-34.5253
J024033.5-342557,14,21.496,0.029,14,20.839,0.055,1.73,0.59141,0.02,40.1396,-34.4325
J024033.7-343758,15,21.376,0.025,14,20.909,0.057,0.98,0.56408,0.024,40.1404,-34.6328
J024033.9-343534,14,21.418,0.027,14,20.99,0.056,1.957,0.57182,0.024,40.1412,-34.5928
J024034.3-343421,14,21.52,0.028,14,21.087,0.066,1.746,0.50226,0.023,40.1429,-34.5725
J024035.1-342227,14,21.339,0.026,14,20.898,0.056,1.034,0.6754,0.02,40.1462,-34.3742
J024035.3-342408,14,21.344,0.03,14,20.821,0.062,2.454,0.53101,0.02,40.1471,-34.4022
J024035.7-343209,14,21.414,0.028,14,20.797,0.054,2.469,0.55057,0.022,40.1487,-34.5358
J024037.1-342311,14,21.418,0.026,14,20.902,0.054,1.646,0.67336,0.02,40.1546,-34.3864
J024037.3-343505,14,21.324,0.028,13,20.813,0.059,1.213,0.57934,0.024,40.1554,-34.5847
J024038.0-342018,14,21.448,0.026,14,20.927,0.056,3.821,0.56542,0.022,40.1583,-34.3383
J024038.1-342244,14,21.445,0.029,14,20.897,0.059,1.577,0.62654,0.021,40.1587,-34.3789
J024039.0-342035,14,21.417,0.028,14,20.956,0.058,2.764,0.56709,0.022,40.1625,-34.3431
J024039.1-342722,14,21.574,0.034,14,21.293,0.075,1.149,0.53045,0.021,40.1629,-34.4561
J024040.0-342545,14,21.471,0.032,14,21.043,0.073,1.038,0.35811,0.02,40.1667,-34.4292
J024040.0-343323,14,21.361,0.027,14,20.843,0.051,1.989,0.582,0.023,40.1667,-34.5564
J024041.1-342043,15,21.165,0.02,14,20.728,0.047,1.38,0.59853,0.022,40.1712,-34.3453
J024041.1-343721,14,21.347,0.025,14,20.724,0.048,1.617,0.61214,0.024,40.1712,-34.6225
J024041.5-342416,14,21.327,0.025,14,20.881,0.054,1.462,0.55167,0.02,40.1729,-34.4044
J024042.1-343701,14,21.349,0.027,14,20.836,0.055,1.792,0.366,0.024,40.1754,-34.6169
J024043.6-343013,14,21.469,0.03,14,21.024,0.061,2.66,0.53032,0.021,40.1817,-34.5036
J024044.0-343728,15,21.26,0.023,13,20.735,0.051,1.221,0.61488,0.024,40.1833,-34.6244
J024044.6-342713,14,21.358,0.026,13,20.845,0.06,1.536,0.56902,0.021,40.1858,-34.4536
J024045.3-342045,15,21.483,0.024,15,20.979,0.057,1.387,0.54694,0.022,40.1887,-34.3458
J024045.9-343159,14,21.47,0.027,14,20.802,0.053,1.516,0.61219,0.022,40.1912,-34.5331
J024046.1-343648,14,21.446,0.028,14,21.012,0.058,2.319,0.55789,0.023,40.1921,-34.6133
J024047.3-343145,14,21.468,0.03,14,21.003,0.062,2.892,0.57589,0.022,40.1971,-34.5292
J024047.7-342813,15,21.271,0.022,14,20.89,0.052,3.172,0.55043,0.021,40.1987,-34.4703
J024048.4-342445,14,21.322,0.024,14,20.786,0.051,1.331,0.65091,0.021,40.2017,-34.4125
J024048.9-341933,15,21.378,0.025,15,20.947,0.054,1.135,0.57305,0.022,40.2037,-34.3258
J024049.3-342012,15,21.2,0.022,14,20.552,0.047,2.533,0.70548,0.022,40.2054,-34.3367
J024049.7-343347,14,21.282,0.024,14,20.824,0.051,0.983,0.55696,0.023,40.2071,-34.5631
J024050.3-342837,14,21.283,0.025,14,20.752,0.053,1.805,0.6129,0.021,40.2096,-34.4769
J024050.8-343615,15,21.281,0.022,15,20.803,0.05,0.9,0.54171,0.023,40.2117,-34.6042
J024051.5-342939,14,21.402,0.027,14,20.882,0.058,0.923,0.5915,0.021,40.2146,-34.4942
J024051.7-343234,14,21.289,0.024,14,20.742,0.049,1.277,0.55765,0.022,40.2154,-34.5428
J024052.1-342104,15,21.385,0.025,14,20.69,0.05,1.507,0.6078,0.022,40.2171,-34.3511
J024052.2-343137,15,21.433,0.027,15,21.036,0.061,1.337,0.57167,0.022,40.2175,-34.5269
J024053.3-342312,15,21.255,0.022,14,20.711,0.046,1.52,0.66879,0.022,40.2221,-34.3867
J024053.3-343013,14,21.428,0.026,14,20.914,0.06,0.99,0.57638,0.022,40.2221,-34.5036
J024053.5-341912,14,21.472,0.03,14,20.894,0.064,1.372,0.61356,0.023,40.2229,-34.32
J024053.5-343456,14,21.358,0.026,14,20.74,0.053,2.287,0.61577,0.023,40.2229,-34.5822
J024054.1-343750,14,21.338,0.023,14,20.901,0.053,1.116,0.60959,0.023,40.2254,-34.6306
J024054.6-343314,14,21.567,0.038,14,21.077,0.081,1.04,0.53862,0.023,40.2275,-34.5539
J024056.8-343705,14,21.399,0.026,14,20.773,0.053,1.558,0.61625,0.023,40.2367,-34.6181
J024056.9-342805,15,21.504,0.028,15,20.864,0.054,1.13,0.58676,0.021,40.2371,-34.4681
J024058.4-342642,15,21.423,0.025,14,20.927,0.057,1.473,0.59647,0.021,40.2433,-34.445
J024059.1-341938,14,21.301,0.025,14,20.82,0.057,6.204,0.56139,0.023,40.2462,-34.3272
J024100.4-343533,14,21.381,0.026,14,20.818,0.055,3.498,0.56508,0.023,40.2517,-34.5925
J024101.2-343417,14,21.488,0.026,14,20.791,0.053,2.228,0.65264,0.023,40.255,-34.5714
J024102.1-342142,15,21.296,0.021,14,20.871,0.055,2.18,0.57363,0.023,40.2587,-34.3617
J024102.9-343612,14,21.412,0.029,14,20.964,0.06,1.004,0.57175,0.023,40.2621,-34.6033
J024103.2-342453,14,21.414,0.031,14,20.967,0.067,1.15,0.59773,0.022,40.2633,-34.4147
J024103.5-342945,14,21.474,0.029,14,20.984,0.066,2.303,0.53578,0.022,40.2646,-34.4958
J024104.2-342848,14,21.296,0.025,14,20.764,0.051,5.306,0.57956,0.021,40.2675,-34.48
J024104.4-343515,14,21.511,0.029,14,21.019,0.059,3.421,0.54184,0.023,40.2683,-34.5875
J024104.5-342022,14,21.17,0.024,14,20.889,0.055,1.826,0.58342,0.023,40.2687,-34.3394
J024104.8-342117,14,21.407,0.028,14,20.917,0.057,4.193,0.5716,0.023,40.27,-34.3547
J024105.9-342913,14,21.543,0.03,12,20.909,0.062,1.162,0.52571,0.022,40.2746,-34.4869
J024108.6-341929,14,21.364,0.026,14,20.891,0.053,1.358,0.66306,0.023,40.2858,-34.3247
J024108.8-343317,14,21.286,0.024,14,20.8,0.048,1.033,0.61681,0.023,40.2867,-34.5547
J024109.0-341927,14,21.338,0.026,13,20.814,0.058,2.041,0.61044,0.023,40.2875,-34.3242
J024111.4-342006,13,21.512,0.031,13,20.859,0.061,1.52,0.53518,0.023,40.2975,-34.335
J024113.5-343320,12,21.478,0.027,12,21.015,0.066,4.439,0.55658,0.023,40.3062,-34.5556
