diaObjectId,ra,dec,g_psfFluxMean,r_psfFluxMean,i_psfFluxMean,g_psfFluxSigma,r_psfFluxSigma,i_psfFluxSigma,g_psfFluxChi2,r_psfFluxChi2,i_psfFluxChi2,g_psfFluxStetsonJ,r_psfFluxStetsonJ,i_psfFluxStetsonJ,g_psfFluxMAD,r_psfFluxMAD,i_psfFluxMAD,g_psfFluxNdata,r_psfFluxNdata,i_psfFluxNdata,nDiaSources,Region,Class
579583227887354659,7.277627229704029,-72.45360135385164,,6659.35595703125,,,,,,0.0,,,,,,0.0,,,1.0,,1,47,RR Lyrae
579574706672238627,4.974821469416458,-72.68337256460956,2142.08544921875,,,,,,0.0,,,,,,0.0,,,1.0,,,1,47,RR Lyrae
579574569233285135,6.011727889616931,-72.65460750224285,-2534.255615234375,,-7.695698261260986,,,7380.872768309644,5.17674e-13,,254.268,,,15.224241527485553,0.0,,5219.07,1.0,,2.0,3,47,RR Lyrae
579575187708576418,6.298867781574384,-72.61168432694438,7049.521484375,,2416.18212890625,,,,0.0,,0.0,,,,0.0,,0.0,1.0,,1.0,2,47,RR Lyrae
579575256428052817,5.98035031209009,-72.59052603262303,2554.464599609375,-6780.240234375,-801.362060546875,,2091.4039952835337,5294.444401019747,0.0,36.3842,522.446,,4.992266124607254,12.702006159964842,0.0,1478.85,4499.99,1.0,2.0,4.0,7,47,RR Lyrae
579575256428052807,6.028940771813813,-72.57591356922177,4831.474609375,-25320.78515625,-179.4252166748047,,30822.79166989476,12747.179363114758,1.63359e-12,5837.17,4387.01,,67.36538435023088,14.667107870804792,0.0,21795.0,1060.87,1.0,2.0,6.0,9,47,RR Lyrae
579575256428052608,6.131205526337961,-72.53586999197678,3551.46923828125,2256.9677734375,-683.5949096679688,,20084.91787203299,15072.81051891997,0.0,23896.6,3197.09,,43.76605455187027,21.391474919764462,0.0,7401.71,1991.17,1.0,10.0,4.0,15,47,RR Lyrae
579575256428052935,5.749369515742543,-72.56251537990946,-2458.85791015625,-3932.51611328125,-4707.50927734375,33713.21752361103,15083.356053421576,19146.177523577953,9085.75,12708.9,5545.66,91.21931411167257,33.28217558192767,24.862708036419072,23838.8,6484.89,1207.25,2.0,8.0,4.0,14,47,RR Lyrae
579575874903343585,6.531025733335078,-72.41098196693488,1884.615478515625,-1872.7042236328125,-1940.932861328125,17228.44461872595,10182.52623080852,7189.145684835862,19402.7,21548.7,3130.32,48.34970352382358,25.344946759617372,11.968274957164073,16024.6,10336.2,1457.33,8.0,24.0,11.0,43,47,RR Lyrae
579583227887354430,7.167492869897097,-72.40112243724985,3363.926513671875,5833.42041015625,2972.47412109375,462.9752302125365,6868.587464424725,6997.029156205496,1.38672,3681.34,429.848,0.35303563287817397,16.604843196866906,9.78270038432315,327.373,3475.09,338.381,2.0,9.0,3.0,14,47,RR Lyrae
579575806183866665,6.853236871432857,-72.39400806406827,1944.2620849609375,1703.18896484375,2381.46630859375,2990.5621021599254,75.82718953975018,48.77742039000923,443.291,0.0608853,0.016645,7.253839757953887,-0.9690736817614533,-0.9916425520271432,2628.85,53.6179,34.4908,6.0,2.0,2.0,10,47,RR Lyrae
579583296606830677,6.987267692323181,-72.36562139498507,2466.480224609375,2779.14501953125,1508.1202392578125,7425.337072904239,6637.813282903855,6609.235257560823,3074.45,5561.62,1134.29,19.75028594603143,18.910081045368425,14.631244080613016,1567.74,6167.58,938.822,6.0,13.0,5.0,24,47,RR Lyrae
579575874903343152,6.7356329202693175,-72.36900356019792,2046.8558349609375,2359.760986328125,-824.2112426757812,8023.468987768239,9615.826284354818,8010.566284893689,2664.47,18748.3,2657.17,21.39834151398647,24.317179885901663,16.562392304106314,6810.01,10337.4,4112.86,6.0,24.0,8.0,38,47,RR Lyrae
579583915082121362,7.414424737894455,-72.27314771411788,,-555.9913330078125,605.3284301757812,,6018.328340766034,6668.288589571718,,4525.28,525.233,,15.168947480275488,11.802292950225882,,3213.56,1333.85,,14.0,3.0,17,47,RR Lyrae
579583915082121525,7.3535884390348345,-72.22912852749285,2547.851806640625,7081.205078125,6912.53173828125,,11309.498279485264,9132.99480358027,0.0,14873.1,924.684,,30.792938443149005,15.387652200929713,0.0,10557.5,119.558,1.0,14.0,3.0,18,47,RR Lyrae
579575943622821082,6.130545897044335,-72.470369513098,-1671.506103515625,2118.0498046875,616.7496948242188,10797.35861730576,6742.034191804132,5754.89578545267,5936.57,7784.43,1295.8,31.359475984928142,18.700457334974594,12.297333318699254,9785.33,6547.54,877.987,6.0,20.0,7.0,33,47,RR Lyrae
579575943622820400,6.204066104390644,-72.44527099815494,-546.7649536132812,11600.3232421875,15824.5908203125,7442.443462578545,8315.43919577885,532.4675811136691,2729.15,8218.05,3.65324,21.916320254326276,20.03982435492479,0.0849635517391267,6661.4,8348.12,297.445,6.0,13.0,4.0,23,47,RR Lyrae
579575943622820639,6.189965643869846,-72.40925725084783,722.380126953125,-1499.5447998046875,-2425.275390625,2587.537772036702,5724.9834574430215,5689.725805867898,252.836,8539.89,2157.86,5.754541081982252,14.830120427051593,11.927216738072145,137.013,5648.07,5395.3,5.0,28.0,13.0,46,47,RR Lyrae
579575943622820700,5.742526871893774,-72.40803852896842,850.4437255859375,-5900.01611328125,-2725.8212890625,3617.217596163244,19448.74941908314,15151.946922480001,321.395,64883.7,13819.8,8.764028834446941,55.48940667504449,28.745481430115333,223.823,9699.88,3627.18,3.0,18.0,11.0,32,47,RR Lyrae
579575874903343319,6.635536785604163,-72.34698447230583,-1289.5426025390625,3684.148681640625,5210.2001953125,1312.2325220882624,1279.227096132185,,185.082,114.017,0.0,4.838807052521808,2.41746737090578,,385.073,418.611,0.0,5.0,6.0,1.0,12,47,RR Lyrae
579583983801598676,6.9678509681005485,-72.27769908533114,,-13132.189453125,,,417.6554459997588,,,4.34995,,,0.2554016626625991,,,282.121,,,4.0,,4,47,RR Lyrae
579583915082122929,7.141261981791081,-72.16915659182797,,,,,,,,,,,,,,,,,,,3,47,RR Lyrae
579583915082121417,7.2526964650721055,-72.16547197084435,-4273.51806640625,2343.88916015625,2599.393798828125,,1039.8608571400976,,0.0,10.4471,0.0,,2.3591602239875424,,0.0,735.293,0.0,1.0,2.0,1.0,4,47,RR Lyrae
579583915082121454,7.217666139358351,-72.15863137269268,-17803.17578125,2011.809814453125,-2326.461181640625,15695.019338245538,14405.047474073965,10436.032109310388,4514.89,35758.8,5768.4,38.06720999912612,29.507046109892492,18.996528155002977,13563.2,1289.04,2279.06,4.0,21.0,10.0,35,47,RR Lyrae
579576562098112760,6.539316610356931,-72.20796978618466,-29392.18359375,24.918367385864258,-21.884199142456055,,3480.281419842968,2206.1161806234795,0.0,1919.69,515.489,,11.387247154280653,6.0132831005203835,0.0,2273.15,1589.88,1.0,12.0,12.0,25,47,RR Lyrae
579576562098112444,6.736868262904906,-72.17041613015571,-25834.279296875,-1661.9844970703125,-6542.57763671875,,4584.8607480350665,7541.896215101004,0.0,2852.81,798.973,,12.552184380341718,13.743657117984332,0.0,1632.2,429.188,1.0,9.0,3.0,13,47,RR Lyrae
579584602276888792,7.235785662820049,-72.13854695093161,-9131.1533203125,1001.2648315429688,3890.474365234375,10949.940792783298,10092.975197357811,10119.981242189064,1569.24,20442.5,1787.9,19.785266006759326,27.289529389636513,21.7473734092168,826.825,10752.5,5445.1,3.0,23.0,4.0,30,47,RR Lyrae
579584602276888798,7.063829553791321,-72.10313943171742,-1965.160400390625,438.588623046875,-1881.1619873046875,672.9647103054865,5191.706593278367,4347.607397217444,3.55651,4304.29,1059.26,1.468647087978252,9.39531789914153,7.360958852295261,475.858,311.732,1223.58,2.0,18.0,11.0,31,47,RR Lyrae
579576012342296907,5.45269100644081,-72.422635760556,2039.3763427734375,922.968505859375,4550.92431640625,6404.876007253071,11498.736954686334,8424.645149760925,1452.54,13327.8,3130.75,14.952514099375117,25.4546994106623,14.160411954820606,657.312,1703.94,8063.93,5.0,14.0,10.0,29,47,RR Lyrae
579576699537065382,5.349848016652141,-72.25939727863296,-5282.64794921875,-988.374755859375,-5455.07373046875,11897.320745021118,11623.714363832543,8894.923699226985,11863.8,21845.7,9081.7,35.62147499544378,23.54639734150937,19.742462298809563,4106.05,828.578,7903.9,9.0,19.0,18.0,46,47,RR Lyrae
579576699537065428,5.2392919513744225,-72.20123078424257,-6651.66796875,-20628.712890625,-4769.8046875,15075.114800893594,17029.130709134446,14307.235592484816,16333.0,34483.3,14866.7,41.97571597040731,40.44830108804274,30.638295972837327,2719.12,11374.9,5669.12,9.0,18.0,13.0,40,47,RR Lyrae
579575943622820362,5.855335275096806,-72.32661742125758,-203.0035858154297,-713.2908325195312,2.4405572414398193,2201.733185588853,3649.4537146299353,3338.3107136950375,153.528,4598.17,1221.28,5.925153731938773,15.373873042112937,8.293193583227765,1064.37,1752.28,2386.31,4.0,25.0,16.0,45,47,RR Lyrae
579576699537071178,5.639132877809713,-72.2304723145107,,-279.2898254394531,,,11654.3019481041,,,3297.22,,,40.34662477408673,,,8240.84,,,2.0,,2,47,RR Lyrae
579584602276889892,7.333532682522063,-72.00198680768627,,-222.68136596679688,,,9452.822491242723,,,5384.69,,,27.6350477535451,,,8605.86,,,7.0,,7,47,RR Lyrae
579584602276889898,7.260049495028219,-71.98271100596794,,9367.80859375,,,10560.823180715377,,,8707.73,,,24.13737747591207,,,3106.28,,,9.0,,9,47,RR Lyrae
579584602276888841,7.114133710979179,-71.975612909355,-42287.72265625,-43.25076675415039,2171.3330078125,,14125.969858686567,15391.276773744217,0.0,36177.2,5022.72,,29.82408962243643,26.282442042175205,0.0,880.005,550.613,1.0,20.0,5.0,26,47,RR Lyrae
579585289471656348,7.209387156744528,-71.90855779167245,-2158.6640625,-4091.14404296875,2081.049560546875,,7096.002060009521,6865.045449407209,0.0,3849.8,262.52,,16.725632740028797,15.281605623721804,0.0,6906.81,4854.32,1.0,9.0,2.0,12,47,RR Lyrae
579577386731832790,5.636729290348073,-71.99189461369,3123.708984375,85.28106689453125,128.56211853027344,967.4663982620915,1492.7931546843351,1357.2406325713694,12.6048,160.629,111.427,2.75899494880031,4.8208171923407,4.552820446124442,684.102,1469.51,1001.36,2.0,5.0,5.0,12,47,RR Lyrae
579586045385900053,7.065905657342332,-71.76997336386667,,241.55831909179688,-1558.5733642578125,,6337.197265625,5333.266925620767,,1935.0,149.013,,14.444460076701759,11.500305080851493,,3924.17,3771.19,,6.0,2.0,8,47,RR Lyrae
579585976666423409,7.210632982912905,-71.72422697291435,,-3402.21337890625,,,10867.33863091283,,,2217.75,,,23.47043295970575,,,338.091,,,3.0,,3,47,RR Lyrae
579576836976017478,4.317033012450185,-72.1620211457837,,-1832.922607421875,-3774.826171875,,6690.264918391915,,,665.83,0.0,,11.742119711863033,,,401.752,0.0,,3.0,1.0,4,47,RR Lyrae
579576768256541517,4.706561503503794,-72.1607863719712,-351.8147888183594,3467.5361328125,6139.62255859375,7214.160996764318,9024.375658853573,5236.17773614545,1624.36,902.2,496.9,21.94342181081388,16.04071113994816,11.707720469162929,6037.7,4511.68,4466.91,4.0,3.0,4.0,11,47,RR Lyrae
579577386731835638,5.2056460338084145,-72.05265816016988,70.71099090576172,6450.6728515625,9362.88671875,6297.010996213136,5291.908990300193,413.2206789528051,3565.67,3231.38,3.29229,20.021568706930246,13.141464380825495,-0.21943719941841797,4489.78,1830.17,380.698,9.0,11.0,5.0,25,47,RR Lyrae
579577455451308889,4.664341401276402,-72.06620732358847,-1840.047119140625,-2714.80615234375,-1039.4501953125,,471.3504354426055,5554.205385902584,0.0,3.59966,1948.57,,0.13716045689539227,6.813222837603436,0.0,84.9136,590.871,1.0,3.0,11.0,15,47,RR Lyrae
579578073926600498,5.277358417657144,-71.94380220193338,-2225.6669921875,1381.4847412109375,1036.8985595703125,,3749.134998818813,4952.353716127018,0.0,282.74,149.485,,8.456158118093775,11.525350123326254,0.0,726.786,3501.84,1.0,3.0,2.0,6,47,RR Lyrae
579578142646075468,5.071179933249168,-71.95734464898077,-318.7541198730469,1428.50537109375,277.2137756347656,5481.891778576951,4901.401100570066,3668.2641417604113,1273.29,2076.91,660.736,15.145142092982098,11.109544020776948,4.9867995104106875,696.331,784.354,164.782,5.0,10.0,8.0,23,47,RR Lyrae
579577524170785196,4.096498607483385,-72.03065905480692,,-6098.15625,,,,,,0.0,,,,,,0.0,,,1.0,,1,47,RR Lyrae
579578211365552184,4.304549187838606,-71.97377518923842,,-1960.0623779296875,,,7169.68017578125,,,399.817,,,18.546434754168697,,,5069.73,,,2.0,,2,47,RR Lyrae
579578761121366800,5.231650851966808,-71.69191677580802,1365.675048828125,,-15506.0986328125,18141.190927720116,,,6747.88,,0.0,41.5353131355191,,,135.549,,0.0,3.0,,1.0,4,47,RR Lyrae
579578073926601016,5.683195964396052,-71.9557004714647,,170.20428466796875,1180.15869140625,,4828.054403132181,,,370.167,0.0,,13.15850388238516,,,3413.95,0.0,,2.0,1.0,3,47,RR Lyrae
579578073926598690,5.683626371776007,-71.86177879906326,-3209.48046875,2028.506103515625,1948.3082275390625,868.3984024987607,5735.848353504084,5721.819078355641,15.825,8003.69,2156.18,1.25350724503941,12.171062946858331,11.912205610022399,167.464,598.588,5724.67,3.0,25.0,14.0,42,47,RR Lyrae
579578623682412826,6.297746206913024,-71.72653982512695,988.8121337890625,1994.2198486328125,17.455923080444336,9797.079558252344,9850.034972938121,4373.483120989218,1664.59,6724.55,693.65,21.76776574302498,21.995251397241546,10.130462037700465,1624.48,1173.72,2222.64,3.0,9.0,7.0,19,47,RR Lyrae
579578692401889575,5.90419198762745,-71.75412957860564,-5553.06103515625,6632.55029296875,2035.5421142578125,1191.2038917176767,4693.642329930968,4499.8534068173185,12.7066,1323.71,890.214,2.810330119062957,11.42601723131978,8.130732891690318,842.308,2578.82,4416.67,2.0,7.0,9.0,18,47,RR Lyrae
579578623682412772,6.242447076125139,-71.70373641156134,6032.21044921875,15.545034408569336,550.3985595703125,,4477.705193628722,2723.5004951116434,0.0,653.706,84.2983,,10.78229936625172,4.050173699483493,0.0,4134.27,344.806,1.0,6.0,3.0,10,47,RR Lyrae
579578623682412863,6.492224846685501,-71.78250306178927,3157.17724609375,6630.5751953125,5352.2509765625,9881.18732803458,10274.543601513577,10821.628939525537,1596.32,11013.9,3451.92,21.435578674772714,24.020787746354568,22.901691212335407,2627.92,4364.53,1138.05,3.0,14.0,7.0,24,47,RR Lyrae
579578623682413554,6.677567865903974,-71.66662633910016,,-3375.35498046875,,,1076.4852633331955,,,28.1907,,,1.7598173846659135,,,381.37,,,4.0,,4,47,RR Lyrae
579578623682413757,6.477434996099748,-71.64595765177225,,,211.70614624023438,,,6063.588250309878,,,163.656,,,12.1036476281158,,,4287.6,,,2.0,2,47,RR Lyrae
579578692401891372,6.202301429003879,-71.6573656647829,-628.0973510742188,,,6205.009779180679,,,359.205,,,18.154666900283523,,,4387.6,,,2.0,,,2,47,RR Lyrae
579578761121366624,5.432054824446536,-71.67971342221433,4237.35693359375,,764.5339965820312,13196.619919180146,,6787.589188771265,1618.93,,825.786,39.190950715325116,,14.451757413374319,9331.42,,3370.63,2.0,,4.0,6,47,RR Lyrae
579583159167877148,7.727355151754345,-72.33614439609572,,2624.18505859375,,,,,,0.0,,,,,,0.0,,,1.0,,1,47,RR Lyrae
579583846362644646,7.797421112093315,-72.29799974146255,,16958.44140625,,,,,,0.0,,,,,,0.0,,,1.0,,1,47,RR Lyrae
579583846362644892,7.884352240818174,-72.23530496596867,,-3033.646728515625,,,,,,0.0,,,,,,0.0,,,1.0,,1,47,RR Lyrae
579584602276888912,7.557297881108137,-72.13199771947824,,-20.098251342773438,359.1436462402344,,8857.422425106324,9850.567661389417,,7444.71,2200.39,,16.569465719364565,18.954675971151946,,2602.37,933.868,,13.0,5.0,18,47,RR Lyrae
579583915082122253,7.439822614602628,-72.14385562644188,,6528.34765625,2042.4835205078125,,8994.054018012921,,,3330.34,0.0,,25.541501637765755,,,1103.65,0.0,,5.0,1.0,6,47,RR Lyrae
579584533557411857,7.666266887175324,-72.0860804248726,,-8631.994140625,369.70404052734375,,16234.5771484375,5294.555418853176,,13911.6,134.728,,42.46354437994794,10.50058374378633,,2684.0,3743.82,,7.0,2.0,9,47,RR Lyrae
579584602276889614,7.576880021210922,-72.0384533061536,,1890.012939453125,3381.25732421875,,187.91785662086676,,,0.314326,0.0,,-0.8280100195258691,,,132.878,0.0,,2.0,1.0,3,47,RR Lyrae
579584533557412032,7.615791092910893,-72.0010119072458,,3684.3662109375,3030.17724609375,,,,,0.0,3.63361e-13,,,,,0.0,0.0,,1.0,1.0,2,47,RR Lyrae
648375409829740567,38.60178053579817,7.393519830607118,-6692.271484375,2769.08935546875,19183.478515625,88247.98941884055,88160.11208088745,96277.71889738171,93652.5,51779.4,60069.6,88.29052848616593,79.91384555521147,82.5880808819609,46337.7,18593.6,106464.0,7.0,6.0,7.0,22,LELF,RR Lyrae
648367026053579380,37.49124849499602,7.157025209559629,,,,,,,,,,,,,,,,,,,1,LELF,RR Lyrae
650026120380416015,38.51684833239751,7.672981091432442,27630.416015625,7595.58642578125,4640.13134765625,16551.509449072666,29391.21804008299,,333.447,1807.23,0.0,17.28511360706052,22.487004270283872,,11703.7,3183.7,0.0,2.0,3.0,1.0,8,LELF,RR Lyrae
604064060438216798,40.04861405544389,-34.300877940262566,,-2995.556396484375,-291.4048767089844,,4379.32216405605,2559.6343018771936,,2729.29,759.813,,19.245859515411496,8.397475953197155,,4013.41,2350.68,,8.0,10.0,18,Fornax,RR Lyrae
604064747632984333,40.077673968782356,-34.25356082241665,,16426.34765625,-1287.9508056640625,,7717.975745946287,7701.2740669792365,,6090.0,6136.8,,18.201519315778864,24.14099937466363,,561.674,7059.27,,6.0,10.0,16,Fornax,RR Lyrae
604064060438217317,40.20567676786764,-34.3367922447512,,3399.7353515625,125.324951171875,,1367.8134004662638,1619.1710222602933,,247.874,192.216,,3.540596538122022,6.017726778837426,,56.8723,257.084,,5.0,5.0,10,Fornax,RR Lyrae
604064060438217129,40.20202776302495,-34.29252138169777,,-3544.424072265625,206.6979217529297,,4331.009566400354,3029.584291438768,,3121.96,1192.94,,19.78244186369809,10.944067369692359,,3343.6,1143.61,,8.0,11.0,19,Fornax,RR Lyrae
604063510682403181,39.775054686642115,-34.50056595760873,,-1307.3775634765625,,,89.90509606770166,,,0.754829,,,-0.9120036050811868,,,37.7476,,,6.0,,6,Fornax,RR Lyrae
604064129157694658,39.81777934884139,-34.401150192300065,,6898.19287109375,-381.65179443359375,,475.21405029296875,2539.243852842765,,28.0874,885.014,,1.365473677295431,9.260097157516876,,261.034,2457.8,,5.0,10.0,15,Fornax,RR Lyrae
604064129157694654,39.809508174187656,-34.32389667280105,,2946.05908203125,-382.54779052734375,,146.78897094726562,1793.926239966464,,2.35755,378.732,,-0.3884962899458836,5.923702425081335,,145.199,1069.13,,5.0,9.0,14,Fornax,RR Lyrae
604064197877170956,39.7459524684158,-34.33571443391973,,-2024.829833984375,1674.1776123046875,,305.4188313826843,338.3290156113254,,11.2972,1.94287,,0.7796250767212081,0.9709497946761927,,180.606,239.235,,5.0,2.0,7,Fornax,RR Lyrae
604064816352460877,39.95325060804841,-34.26174433946193,,-1479.9381103515625,-460.08404541015625,,1683.347220148452,2091.9066872379544,,463.817,446.208,,5.311423913564342,4.982709707815681,,1003.83,287.071,,8.0,9.0,17,Fornax,RR Lyrae
605447864541249749,39.88854129690472,-34.03373449841846,,-2851.52978515625,42.07802963256836,,,3312.502502129627,,0.0,190.514,,,7.319737601262939,,0.0,1527.03,,1.0,3.0,4,Fornax,RR Lyrae
604062754768160433,39.822447335500584,-34.77667674968944,,,1552.3702392578125,,,,,,1.99289e-13,,,,,,0.0,,,1.0,1,Fornax,RR Lyrae
592913981740417050,58.835036580265594,-48.79121325837336,21831.12890625,-5911.0986328125,31229.3359375,112893.13839008525,70134.14750855752,43127.776854929405,1349680.0,883580.0,159008.0,116.20099552495104,86.80830338362972,55.280969602730984,10411.0,38379.5,25812.9,43.0,69.0,36.0,207,EDFS,RR Lyrae
614439120877387848,95.01350845508662,-24.443539415985143,,59789.47265625,-198197.65625,,211665.3131306927,,,63576.9,5.45547e-11,,119.91869495410629,,,104605.0,0.0,,4.0,1.0,11,LGLF,RR Lyrae
614436990573609020,95.12419298100014,-25.04328320321867,10664.96875,-103542.7890625,115696.3203125,236679.1727885291,217021.1490149717,169139.89798836838,1741140.0,3062160.0,266199.0,162.5618428064582,148.70514707013928,109.82470570143393,213721.0,115552.0,63010.9,50.0,55.0,19.0,190,LGLF,RR Lyrae
614438433682620451,94.9972425115007,-24.689513251744284,284696.1875,188277.78125,,620882.4866432094,561544.600481207,,4948110.0,11793100.0,,310.6304815778646,326.81458033168934,,225749.0,472285.0,,35.0,54.0,,151,LGLF,RR Lyrae
614439052157911527,95.26649434424345,-24.53876474978502,227418.609375,161252.78125,164027.96875,412007.9153610443,248352.36316231615,,217864.0,81180.9,0.0,180.89815446659927,173.7469149329639,,57696.4,3015.41,0.0,4.0,3.0,1.0,17,LGLF,RR Lyrae
614431011979133047,94.79082619664781,-24.681148299700318,1567.132080078125,1291.3681640625,183.62652587890625,7373.94728541338,6639.214867944553,5384.5102853782855,29878.9,22967.7,1953.07,28.055957022982856,24.45716097676011,13.449593601164128,2969.94,6310.86,3541.0,28.0,33.0,8.0,74,LGLF,RR Lyrae
579582540692586533,7.103005018715642,-72.47695864984442,,-74538.890625,-16331.326171875,,283995.2593181594,,,597997.0,4.692e-13,,107.64864023327647,,,6715.23,0.0,,9.0,1.0,10,47,Cepheid
579576012342296929,5.474520664986256,-72.373021830389,-2584.69384765625,-45243.0546875,-57625.7265625,125493.2670186857,94762.09755231251,78457.273230143,237507.0,488451.0,131500.0,194.139793390729,109.71215388924186,82.75554033030784,12320.9,17794.3,27993.0,7.0,24.0,12.0,43,47,Cepheid
579578623682413547,6.6756887777894125,-71.6734508158917,,-87457.1796875,-9873.9794921875,,64972.25522495379,,,30337.1,0.0,,86.15078611251465,,,36426.0,0.0,,4.0,1.0,5,47,Cepheid
630406778491766139,105.85929361907506,-10.282882866532475,-107177.359375,,,161462.5926675185,,,283399.0,,,203.96706981525762,,,69538.8,,,5.0,,,5,Seagull,Cepheid
579575187708576287,6.461537924076983,-72.6136433132692,-2874.17431640625,22179.58203125,-18217.4453125,,,1513.89628356935,0.0,0.0,0.515824,,,-0.6958269273823356,0.0,0.0,1070.49,1.0,1.0,2.0,4,47,Long Period Variable
579582540692586566,7.071710828736033,-72.60088037247849,,-15740.595703125,,,35445.34670912597,,,403.678,,,18.939263541495297,,,25063.6,,,2.0,,2,47,Long Period Variable
579575118989099026,6.922489244199863,-72.5203888491679,209.32794189453125,-10851.5087890625,,5413.2197265625,6877.87255859375,,252.085,84.1734,,13.217731689025486,4.745093736364668,,3827.72,3460.02,,2.0,3.0,,5,47,Long Period Variable
579583159167877160,7.741209502517629,-72.323385287171,,74751.7890625,,,,,,0.0,,,,,,0.0,,,1.0,,1,47,Long Period Variable
579583846362645099,7.790434521923617,-72.2329104355743,,-8035.0009765625,,,,,,0.0,,,,,,0.0,,,1.0,,1,47,Long Period Variable
579583915082121510,7.531104952279902,-72.26685935816835,,-15198.4912109375,78740.125,,6298.066829124336,6166.993122216378,,168.559,9.47465,,3.2958605286486207,2.254552087394889,,2893.21,4360.72,,9.0,2.0,11,47,Long Period Variable
579584602276888879,7.588094172602194,-72.09812256605912,,35325.03515625,237149.34375,,7543.64719567706,,,140.221,0.0,,4.325958493360109,,,5971.17,0.0,,6.0,1.0,8,47,Long Period Variable
579574637952761936,5.723429943504245,-72.69339023903572,,,,,,,,,,,,,,,,,,,1,47,Long Period Variable
579574637952761900,5.352515262563159,-72.69045052223093,,,-428992.28125,,,686998.6806887828,,,76828.7,,,261.98146675827206,,,485781.0,,,2.0,2,47,Long Period Variable
579574637952761891,5.3898800809901735,-72.69639499881642,,,18112.62109375,,,9335.155362362166,,,17.1935,,,3.329510739306226,,,6600.95,,,2.0,2,47,Long Period Variable
579575393867006064,4.883300329919131,-72.54375613342961,13587.7470703125,32999.34765625,6635.61083984375,,,,0.0,0.0,0.0,,,,0.0,0.0,0.0,1.0,1.0,1.0,3,47,Long Period Variable
579574569233285281,5.7547885658265745,-72.67958100914576,,,-184243.28125,,,,,,0.0,,,,,,0.0,,,1.0,1,47,Long Period Variable
579574569233285165,5.816259636804152,-72.66527639128238,,-18028.75390625,-17704.904296875,,,46160.70010886955,,0.0,1427.43,,,20.857132396384053,,0.0,10028.9,,1.0,3.0,4,47,Long Period Variable
579575256428053274,5.773508797548499,-72.62531861352028,14746.224609375,-25633.841796875,,,,,0.0,8.51562e-13,,,,,0.0,0.0,,1.0,1.0,,4,47,Long Period Variable
579575943622820394,6.271053663893709,-72.44963220202119,-14477.5380859375,-5266.19970703125,-442023.4375,7842.9081402427755,19223.408707183287,548136.0812790932,707.399,6459.84,1506100.0,11.314490978380164,13.228707688697108,261.01555297841566,4337.76,10647.6,35525.7,4.0,21.0,13.0,42,47,Long Period Variable
579575874903343117,6.730359030810144,-72.35863851629937,-25.737882614135742,3627.943603515625,-583262.0,7733.724285820676,33785.145142727495,704650.5488576612,355.715,9200.21,1025240.0,8.063140900697348,24.96975084486698,342.03102579915816,5039.19,28782.9,43974.3,4.0,14.0,8.0,29,47,Long Period Variable
579577318012354846,5.779045403415719,-72.02244875956099,,,,,,,,,,,,,,,,,,,1,47,Long Period Variable
579576562098110704,6.4090777187692565,-72.27713475645093,20393.533203125,14704.927734375,39221.22265625,7588.717963768257,47399.55432940494,55472.98324415369,493.458,36535.9,17108.0,10.586043621785825,42.547094128665414,34.33862799670887,4210.86,17509.1,54044.0,4.0,19.0,16.0,43,47,Long Period Variable
579576562098110844,6.404542545341416,-72.25760738977446,-2460.583740234375,-1879.96435546875,-20381.28125,1747.1261158718428,29209.201542566407,62948.83370173302,22.5933,40122.6,41358.3,3.6541569786486394,50.07981742671532,55.41803922283244,1235.4,5317.28,16664.8,2.0,16.0,13.0,36,47,Long Period Variable
579576562098111316,6.696808977822306,-72.27619766574111,22464.46484375,8280.2421875,-12692.0234375,6691.734683305495,14610.80471536473,17737.697485954828,595.239,3230.82,555.502,8.390947534272994,10.198605720885016,7.2663011626856155,1984.8,9260.92,7298.12,5.0,20.0,6.0,35,47,Long Period Variable
579583983801597996,7.032045809997207,-72.2131740993702,34539.55078125,964.9606323242188,14227.13671875,16013.558443955679,29201.505863328286,37694.537227939065,1680.87,9170.71,4031.45,16.252812369279063,17.034752266879533,15.950654181752158,9208.23,10935.1,15915.5,4.0,17.0,11.0,36,47,Long Period Variable
579576562098115000,6.580828197712745,-72.2339043642411,-2533.337646484375,6433.85400390625,-40311.4375,16989.757526972488,12973.63689866146,411761.98597508983,1403.35,487.555,432806.0,11.483862000888811,8.905769348850303,122.5475818862079,1469.76,9322.51,27231.8,5.0,5.0,7.0,20,47,Long Period Variable
579584602276888682,7.336040375481959,-72.04727078674374,5628.8671875,18563.2421875,4409.39306640625,,35679.1341276395,78172.11783139865,4.34825e-13,10520.1,8773.91,,15.05034904189876,39.40735931774363,0.0,3063.89,14881.6,1.0,11.0,5.0,19,47,Long Period Variable
579575393867006274,4.834348877710954,-72.52792860190247,19967.119140625,,22279.712890625,,,,0.0,,4.64579e-13,,,,0.0,,0.0,1.0,,1.0,2,47,Long Period Variable
579576081061773656,4.876536677046609,-72.46570984426815,-2127.329833984375,-1054.4158935546875,1394.5533447265625,,6719.95770755673,23720.41073101978,0.0,450.938,1867.86,,10.280118348153074,24.501001790632873,0.0,972.493,19237.3,1.0,3.0,4.0,8,47,Long Period Variable
579576149781250061,4.52551213063356,-72.4034722168338,,55002.20703125,98587.8359375,,4811.1572265625,,,9.20955,0.0,,2.2201347795801447,,,3402.0,0.0,,2.0,1.0,4,47,Long Period Variable
579585289471657192,7.146224753621127,-71.85258521435598,-48236.546875,,,,,,0.0,,,,,,0.0,,,1.0,,,2,47,Long Period Variable
579576699537073293,5.270104563608168,-72.25660547159603,,,23054.0546875,,,,,,2.08893e-12,,,,,,0.0,,,1.0,2,47,Long Period Variable
579585976666423360,7.101353779358026,-71.75757808695117,,18228.650390625,76441.0625,,21096.427810464724,,,1371.71,0.0,,14.497350536147215,,,14025.9,0.0,,5.0,1.0,6,47,Long Period Variable
579576699537071801,5.225940638140834,-72.21620710543472,-41150.234375,-26117.427734375,-293580.8125,19713.572202696756,,524186.72987382615,666.059,0.0,734263.0,24.836106700091587,,169.99524803590148,13939.6,0.0,45456.9,2.0,1.0,7.0,14,47,Long Period Variable
579579379596656783,5.914340367550037,-71.63741056576133,-2939.169189453125,,,24597.05859375,,,1810.65,,,37.38159757213843,,,17392.7,,,2.0,,,2,47,Long Period Variable
579579379596656707,6.037772296940895,-71.59495042895063,8712.58984375,,64877.015625,,,,0.0,,3.57901e-12,,,,0.0,,0.0,1.0,,1.0,2,47,Long Period Variable
579578761121366914,5.2746537874856925,-71.65623810438827,16188.404296875,,,,,,1.15831e-12,,,,,,0.0,,,1.0,,,1,47,Long Period Variable
604062136292868111,39.731093226059045,-34.821301256909834,,30657.326171875,-24979.875,,11864.569939162035,14538.944563621286,,773.749,212.709,,10.654765673913388,8.058605768988926,,4195.24,13860.8,,5.0,3.0,8,Fornax,Long Period Variable
604062823487635476,39.73750813909616,-34.77613843696847,,-1975.4864501953125,7770.81982421875,,5815.5903200617995,11218.910108387503,,1489.38,1547.1,,11.56144629574849,12.22178804619628,,5719.52,4961.6,,9.0,6.0,15,Fornax,Long Period Variable
604062686048682000,40.09759845617335,-34.722950553139206,1154.4871826171875,-9191.501953125,14306.3359375,,17398.80441831647,30367.86297110668,2.79458e-13,14551.7,6776.68,,21.608131687852136,25.05822155764887,0.0,2777.67,10043.9,1.0,17.0,7.0,25,Fornax,Long Period Variable
604062686048682002,40.05196502801047,-34.65161982072787,1110.0474853515625,1552.3275146484375,-1124.52734375,,3267.763288690178,14186.706092823024,0.0,742.518,1604.41,,4.6229414938043565,8.937816632156984,0.0,2047.76,4422.53,1.0,20.0,10.0,31,Fornax,Long Period Variable
604063304523972628,40.28457286187053,-34.5979285223152,,1489.3026123046875,576.0857543945312,,5930.00390625,12030.375745818103,,2841.78,1116.29,,9.110737792957837,11.19170347244866,,2694.17,3978.31,,21.0,6.0,27,Fornax,Long Period Variable
604062617329205251,40.21766880317842,-34.6230695513383,-1067.6973876953125,3848.71142578125,-12472.7080078125,,9132.970409678372,18995.37416935073,0.0,5750.52,3234.59,,11.60370808681321,16.603762472070034,0.0,2429.22,4238.56,1.0,20.0,7.0,28,Fornax,Long Period Variable
604063373243449542,40.20167261939005,-34.59348750113491,2887.4052734375,1872.4083251953125,33259.84765625,,8514.755831109976,13218.167206885317,5.70441e-13,2324.32,922.985,,7.266155649386046,9.288085493310572,0.0,3051.93,10508.9,1.0,21.0,9.0,31,Fornax,Long Period Variable
604062754768158840,39.93687240191626,-34.649234950012676,,-8915.916015625,18801.853515625,,11902.495906701517,25777.275139421472,,3630.18,5617.31,,14.477668608366312,22.19028332212362,,5750.24,17615.7,,13.0,9.0,22,Fornax,Long Period Variable
604063441962926087,39.89335628241844,-34.620614299492935,110.8335952758789,1945.240478515625,-207.30679321289062,642.2288818359375,3130.310135166422,12276.332854157497,65.4738,713.479,1576.98,4.428986660603063,4.183488848074029,9.862695152406559,366.697,1805.84,7283.41,3.0,20.0,11.0,34,Fornax,Long Period Variable
604063441962926086,39.88243627685106,-34.61110187886298,-44.90635681152344,-6489.26220703125,3261.816162109375,1019.9458618164062,11845.011986447538,30957.092074925746,63.3985,10856.2,10121.9,5.221357688482497,16.452164128525865,31.17037353070018,721.211,3438.35,15078.3,2.0,19.0,9.0,30,Fornax,Long Period Variable
604063441962926133,39.90571743266283,-34.60748602344956,,-228.65057373046875,9908.3740234375,,1892.3841922609101,9801.599431911953,,481.332,1332.06,,4.306157602004534,9.811244079150557,,1555.29,5581.29,,19.0,10.0,29,Fornax,Long Period Variable
604063441962926104,39.99316052991398,-34.60596006151906,,-1535.6065673828125,15860.630859375,,3601.026164368139,10384.961498472643,,834.637,874.014,,4.547710841781193,8.757825594735273,,2008.25,7792.08,,19.0,10.0,29,Fornax,Long Period Variable
604063373243449353,40.037910307494364,-34.57770488870197,,-1.2337948083877563,25280.708984375,,3555.1851590781166,6963.7573832656535,,715.952,436.922,,3.8585592550655976,5.104735773672532,,1590.76,3409.16,,21.0,10.0,31,Fornax,Long Period Variable
604063373243449407,40.04239701013731,-34.55606484812281,,-281.0493469238281,-22799.42578125,,2118.118320416703,6579.733899153556,,856.292,592.978,,5.5459753951598385,5.751901080623314,,1360.1,2943.82,,20.0,9.0,29,Fornax,Long Period Variable
604063441962926106,39.97490872632198,-34.5734338064495,,-2676.56591796875,-58753.4453125,,4520.000110098264,12742.666145509029,,855.431,773.652,,4.288542583681253,7.809247923613235,,1684.32,6142.12,,19.0,8.0,27,Fornax,Long Period Variable
604063373243449356,40.02240117149505,-34.53838338703784,,233.34112548828125,-2104.101806640625,,4127.268522254193,25004.713017846687,,4426.66,8871.68,,11.297099566005107,28.24061664489008,,1749.34,17140.3,,17.0,11.0,28,Fornax,Long Period Variable
604063373243449751,40.01141556479456,-34.53024673371446,,-68.41981506347656,1707.253662109375,,2202.5218224701584,5874.256992097504,,1450.13,802.43,,8.435782175051173,7.191783757015742,,1782.08,5297.67,,16.0,11.0,27,Fornax,Long Period Variable
604062754768158954,39.8102759649969,-34.661586937049016,2085.685302734375,-9583.3251953125,-9240.0146484375,810.6508178710938,17166.87597212306,26247.739075278554,17.9957,15798.8,4933.38,1.9429071850963877,27.532244144749352,16.009466044027437,457.978,3179.3,2054.49,3.0,15.0,8.0,26,Fornax,Long Period Variable
604062754768158741,39.85097692683211,-34.63412022535152,-309.6614074707031,2137.558349609375,-18405.935546875,1857.3515625,5793.854964774359,19404.85180782877,25.8033,2093.96,3699.65,3.974538274237503,8.785205466743378,12.845547421944985,1313.35,2228.58,10797.2,2.0,20.0,11.0,33,Fornax,Long Period Variable
604062823487635663,39.79480132691835,-34.65547969950186,-2438.2216796875,-9332.9033203125,6031.62255859375,,21795.87630130513,26899.89054155442,0.0,21862.4,4774.26,,25.40009098637181,27.039816330755993,0.0,2247.47,24282.2,1.0,17.0,6.0,24,Fornax,Long Period Variable
604063441962926218,39.836232589199746,-34.55084114699588,-650.3555297851562,564.9044189453125,-459.6080322265625,723.7083740234375,1666.0261986299727,7222.308609414787,13.0118,209.464,603.897,1.6285011522765924,2.647037017458447,5.9741302164778824,604.109,1450.92,4859.42,3.0,17.0,12.0,32,Fornax,Long Period Variable
604063441962930156,39.90289089861722,-34.50685725616281,,1983.7518310546875,,,,,,0.0,,,,,,0.0,,,1.0,,1,Fornax,Long Period Variable
604063441962926532,39.954831683543844,-34.523267560137434,,-538.2599487304688,3262.189697265625,,6085.548010353763,12081.785581685288,,1602.33,1622.91,,8.164592008767212,10.42203980926123,,3169.85,6891.72,,15.0,11.0,26,Fornax,Long Period Variable
604063441962926277,39.845530555408224,-34.46938155963651,7.639153957366943,-1331.668212890625,1317.909423828125,,2412.143511714416,7435.457961543422,0.0,761.986,480.584,,4.9153581348153,5.093542287958512,0.0,1921.64,2298.84,1.0,21.0,9.0,31,Fornax,Long Period Variable
604063373243449374,40.06509852911274,-34.56748977728403,,2784.423095703125,-11680.919921875,,13743.797896195329,38673.87359076271,,8954.09,11202.2,,12.127360104775878,39.72971875993702,,2270.59,33473.2,,17.0,8.0,25,Fornax,Long Period Variable
604063373243449372,40.049151328142216,-34.54596442159545,,354.5771789550781,-25859.09765625,,6139.85262143184,20793.36377982264,,2475.45,2758.51,,8.444677018851346,16.003300202670612,,3601.26,16087.6,,18.0,8.0,26,Fornax,Long Period Variable
604063373243449897,40.10440150208977,-34.48289562052823,,530.1194458007812,-528.4019775390625,,2872.135602945287,12468.761527113998,,582.769,2014.03,,3.619159467488264,9.277479278113299,,1239.45,4495.1,,22.0,12.0,34,Fornax,Long Period Variable
604063373243449901,40.130146495693786,-34.4789361092876,,-900.230224609375,-9771.62109375,,13119.837798108585,36452.25030743282,,20810.4,19791.5,,17.776553606558753,36.862936205590096,,1250.53,8909.43,,19.0,12.0,31,Fornax,Long Period Variable
604063373243449866,40.06063258609089,-34.51138935467432,,-1253.2269287109375,-35048.2578125,,3783.153466999123,9162.559723173143,,1243.89,600.042,,5.595013269926467,7.082745546316711,,1931.58,5642.28,,23.0,8.0,31,Fornax,Long Period Variable
604064060438217980,40.05042489444311,-34.44042720506673,,629.5045166015625,-1090.529541015625,,758.7599728904866,3795.26272439352,,19.203,614.803,,1.7203418915257431,8.213924935584838,,267.322,4229.89,,4.0,7.0,11,Fornax,Long Period Variable
604064060438216971,40.20854976758857,-34.432818264700515,,380.1349792480469,40075.68359375,,2651.1350680211613,19150.663811857667,,450.432,2487.29,,3.5551299897564865,16.65610284403286,,1877.68,10996.8,,18.0,8.0,26,Fornax,Long Period Variable
604063373243451235,40.01050678601759,-34.46182792810201,,566.4216918945312,-5045.076171875,,1883.4999277679112,18899.921729592028,,45.6466,10010.3,,4.941320181691569,26.11723347361904,,1331.84,2946.94,,2.0,12.0,14,Fornax,Long Period Variable
604063373243451036,40.02309707140191,-34.461996405416244,,-1438.2879638671875,-3210.62109375,,2326.3126494895237,12757.975491299283,,207.872,1384.14,,4.5523621734377295,11.137082442654808,,1570.82,7420.74,,7.0,9.0,16,Fornax,Long Period Variable
604064129157693996,39.98003729506949,-34.42400263130112,,248.09567260742188,32.75762939453125,,4180.076171875,20527.50393672942,,1429.06,3005.6,,6.603118376951714,11.352655920989736,,3286.97,4556.5,,21.0,8.0,29,Fornax,Long Period Variable
604064129157693839,39.994258964834394,-34.4244236249684,,-470.2826843261719,-16329.841796875,,4820.90625,18945.512051446138,,2182.14,3337.16,,9.36106904149974,11.758779716959161,,4324.02,6251.45,,18.0,11.0,29,Fornax,Long Period Variable
604064060438216732,40.02778396723377,-34.389521552512434,,2043.1934814453125,-3114.82373046875,,3211.661028630302,10758.342871152938,,2093.01,2100.96,,6.444163472319472,10.434970704170215,,1682.87,5126.45,,21.0,12.0,33,Fornax,Long Period Variable
604064129157693888,40.00392823325218,-34.37869518239467,,-9338.3974609375,-3329.457763671875,,4581.623046875,12731.969291043579,,1584.92,1596.71,,5.88442830517057,14.220712390196951,,2220.84,5770.85,,17.0,8.0,25,Fornax,Long Period Variable
604064129157693855,39.97761223116677,-34.378526655447146,,544.3062744140625,-2064.8857421875,,4735.814453125,25638.738676293025,,3820.27,7696.43,,10.162602305024388,25.1120580759262,,3114.06,14556.8,,17.0,10.0,27,Fornax,Long Period Variable
604064129157693912,40.00570270787745,-34.338585054321115,1369.6072998046875,643.36572265625,7493.14404296875,,4291.65869140625,7581.344991130056,0.0,1267.23,724.073,,6.328477917073528,6.225949451322651,0.0,2728.78,4318.83,1.0,22.0,11.0,34,Fornax,Long Period Variable
604064060438216811,40.07939745650059,-34.31292160743912,-2040.6448974609375,-2935.7861328125,20344.30078125,710.0707397460938,6712.058389998067,20567.21548865565,4.52034,3187.82,3478.02,1.2922762031296675,8.699197241796657,14.104240863632986,502.096,2274.15,7602.79,2.0,21.0,10.0,33,Fornax,Long Period Variable
604071482141704300,40.36259575779227,-34.36874634950166,-1540.17236328125,-3628.373779296875,6850.8154296875,,5157.32568359375,11662.703223034694,0.0,1801.33,465.884,,7.982200517000761,10.89544023198582,0.0,1529.0,6562.87,1.0,15.0,4.0,20,Fornax,Long Period Variable
604071413422227518,40.44164111700973,-34.291021949965476,,-2045.0721435546875,10687.9189453125,,15264.694785488253,3370.8000273194943,,10884.4,25.6164,,12.250167048852775,2.588180336467055,,487.435,1844.45,,17.0,3.0,20,Fornax,Long Period Variable
605447039907528727,40.22221094448472,-34.20366929148277,,2056.043701171875,-815.1558227539062,,5090.153468003634,14835.050592137184,,2502.74,2771.87,,11.339752672651732,18.610865857849515,,2762.12,9384.84,,12.0,6.0,18,Fornax,Long Period Variable
604063510682402825,39.742918158268374,-34.53661647944599,,-192.4984893798828,-1563.2115478515625,,1972.457409658771,6051.7922672084405,,231.043,346.216,,3.3971014792459666,4.7986563928345,,1822.05,2520.62,,15.0,8.0,23,Fornax,Long Period Variable
604064129157694035,39.919183737409675,-34.337454870086184,,-5398.20556640625,6524.06103515625,,5011.9091796875,35196.348891832495,,1014.34,7015.73,,4.402827905859219,20.288136488458413,,1493.02,10601.9,,17.0,10.0,27,Fornax,Long Period Variable
614436440817795994,94.91038504460155,-25.165939767442186,,,,,,,,,,,,,,,,,,,7,LGLF,Long Period Variable
630406778491765143,105.9028858514602,-10.266942640348272,13359.2109375,,,28520.201412874343,,,4291.21,,,29.092165365532708,,,12623.0,,,5.0,,,5,Seagull,Long Period Variable
630407396967055575,106.03059075655206,-10.166067409232943,-1707.2022705078125,-2608.35498046875,,529.8048396287902,5563.436769311635,,17.0353,614.647,,1.234893654861033,6.479157027029929,,346.889,1754.07,,5.0,9.0,,17,Seagull,Long Period Variable
630407328247579629,106.19034518308642,-10.011037392484198,4863.06005859375,14716.9296875,,1596.49270460458,6492.667258066182,,183.532,328.053,,3.111074170298072,10.05816089227262,,779.674,5152.01,,7.0,3.0,,10,Seagull,Long Period Variable
630408084161822865,106.10739604572655,-9.966001780326271,,,,,,,,,,,,,,,,,,,2,Seagull,Long Period Variable
630406503613859208,106.5219932280931,-10.245376429270749,538513.0625,,,79928.72867292441,,,7601.68,,,18.63746724409859,,,33354.0,,,12.0,,,13,Seagull,Long Period Variable
630407122089148463,106.68515506799392,-10.139334538458138,-35625.53125,501611.46875,,22539.851145655204,56793.35695541027,,1118.72,947.468,,16.57465949520273,17.391187229551647,,290.031,51048.0,,3.0,3.0,,6,Seagull,Long Period Variable
630406572333336018,106.4074654272556,-10.190635886064477,11155.595703125,,,36132.79913830671,,,26234.7,,,29.0944305048797,,,19952.6,,,20.0,,,20,Seagull,Long Period Variable
630406572333336011,106.42777154633889,-10.170763240635182,17276.466796875,,,22022.909883404714,,,5994.19,,,15.374750740084137,,,10664.4,,,15.0,,,15,Seagull,Long Period Variable
628767750252135968,106.4886667168932,-10.987515713408019,-68184.2421875,,,,,,0.0,,,,,,0.0,,,1.0,,,2,Seagull,Long Period Variable
628768574885857566,106.2500994538792,-10.815956842772708,,1956.6201171875,,,1191.3934123782908,,,42.6944,,,1.499892505494032,,,586.784,,,7.0,,11,Seagull,Long Period Variable
628768506166378987,106.31548179115744,-10.7624432396733,1763.01904296875,-110.04761505126953,,1723.5010349133502,6120.899610210733,,76.4751,1428.79,,3.0198821974374352,6.014408261378496,,1458.79,3938.38,,5.0,26.0,,37,Seagull,Long Period Variable
628769193361146514,106.40669938889107,-10.634509095165814,650.9087524414062,-1217.3892822265625,,2948.597175470022,7575.041586768247,,2291.17,6463.85,,7.423725992305068,12.451192129177675,,906.269,3139.84,,19.0,19.0,,41,Seagull,Long Period Variable
628761153182368230,106.07657284926502,-10.767861465541273,240.09317016601562,-4005.35791015625,,1380.7575244091747,9226.084370317225,,454.549,5438.08,,4.202838549484194,12.650569563316806,,807.432,4604.56,,17.0,18.0,,35,Seagull,Long Period Variable
628761221901844988,105.88705705054319,-10.796569749225883,335.005126953125,10432.1083984375,,1068.671700923025,18482.367162048053,,113.884,1462.46,,3.2676329611805373,16.403274002998653,,745.319,13217.1,,6.0,5.0,,11,Seagull,Long Period Variable
628761909096612512,105.83009227989363,-10.589004855629977,2356.900146484375,-10169.361328125,,2145.735881573594,3464.2426240775094,,115.627,10.8098,,1.3595810336582819,1.5379165544340567,,431.192,2989.38,,8.0,3.0,,16,Seagull,Long Period Variable
628761909096612075,105.87832166733705,-10.57554927787566,358.27325439453125,1099.9501953125,,1062.7211738760973,22987.585472405408,,245.153,9052.29,,3.1611638787362755,18.59040128798993,,514.533,10544.1,,12.0,14.0,,26,Seagull,Long Period Variable
628768506166379396,106.30691812921191,-10.671004545121523,-2942.55224609375,-27179.85546875,,4361.677947239354,24215.72763483225,,4714.79,62414.8,,13.419523065481496,34.1313291708935,,2896.33,27277.4,,22.0,34.0,,63,Seagull,Long Period Variable
628761840377135727,106.10097089909523,-10.622229253225047,-494.534423828125,-12141.134765625,,1499.2519244223708,10298.447894398114,,359.586,11722.8,,4.829561958483181,11.110449542817062,,896.501,3222.45,,9.0,33.0,,42,Seagull,Long Period Variable
628761840377135283,106.05132554952739,-10.565356178606677,,535.958740234375,,,2931.2167337643796,,,385.973,,,6.435827023140641,,,851.658,,,7.0,,13,Seagull,Long Period Variable
630406022577525294,106.15578800470661,-10.406508940602661,,-2419.78466796875,,,999.8061890528348,,,136.35,,,1.8651900721428414,,,486.171,,,12.0,,15,Seagull,Long Period Variable
628769055922194180,106.6133408772961,-10.50074940287636,,,,,,,,,,,,,,,,,,,2,Seagull,Long Period Variable
